time_period,time_identifier,geographic_level,country_code,country_name,version,establishment_type_group,breakdown_topic,breakdown,school_count,pupil_count,attainment8_sum,attainment8_average,engmath_entering_total,engmath_entering_percent,engmath_95_total,engmath_95_percent,engmath_94_total,engmath_94_percent,ebacc_entering_total,ebacc_entering_percent,ebacc_95_total,ebacc_95_percent,ebacc_94_total,ebacc_94_percent,ebacc_aps_sum,ebacc_aps_average,progress8_pupil_count,progress8_sum,progress8_average,progress8_lower_95_ci,progress8_upper_95_ci
202425,Academic year,National,E92000001,England,Revised,All state-funded,Total,Total,4104,625648,28811081.3,46,600178,95.9,284267,45.4,405649,64.8,253470,40.5,116916,18.7,161269,25.8,2555883.44,4.09,z,z,z,z,z
202425,Academic year,National,E92000001,England,Revised,All state-funded,Sex,Boys,3892,320698,14132330.66,44.1,305011,95.1,140916,43.9,201838,62.9,117751,36.7,50501,15.7,70567,22,1259456.01,3.93,z,z,z,z,z
202425,Academic year,National,E92000001,England,Revised,All state-funded,Sex,Girls,3853,304950,14678750.64,48.1,295167,96.8,143351,47,203811,66.8,135719,44.5,66415,21.8,90702,29.7,1296427.43,4.25,z,z,z,z,z
202425,Academic year,National,E92000001,England,Revised,All state-funded,Ethnicity,African,2989,31607,1514723.78,47.9,30693,97.1,14866,47,21369,67.6,14459,45.7,5805,18.4,8493,26.9,135012.36,4.27,z,z,z,z,z
202425,Academic year,National,E92000001,England,Revised,All state-funded,Ethnicity,All Asian / Asian British,3397,80861,4272169.44,52.8,78839,97.5,46205,57.1,59901,74.1,43132,53.3,22232,27.5,28796,35.6,388158.71,4.8,z,z,z,z,z
202425,Academic year,National,E92000001,England,Revised,All state-funded,Ethnicity,All Black / African / Caribbean / Black British,3218,43474,2006479.28,46.2,42117,96.9,18810,43.3,27890,64.2,19281,44.4,7249,16.7,10814,24.9,178020.94,4.09,z,z,z,z,z
202425,Academic year,National,E92000001,England,Revised,All state-funded,Ethnicity,All mixed / multiple ethnic groups,3711,40423,1903622.54,47.1,38792,96,18844,46.6,26378,65.3,17823,44.1,8593,21.3,11545,28.6,170218.43,4.21,z,z,z,z,z
202425,Academic year,National,E92000001,England,Revised,All state-funded,Ethnicity,All other ethnic groups,2664,15117,693832.5,45.9,14402,95.3,6766,44.8,9371,62,7781,51.5,3328,22,4586,30.3,64014.32,4.23,z,z,z,z,z
202425,Academic year,National,E92000001,England,Revised,All state-funded,Ethnicity,All White,4078,432260,19381996.91,44.8,413642,95.7,188456,43.6,274527,63.5,160682,37.2,73421,17,102620,23.7,1706418,3.95,z,z,z,z,z
202425,Academic year,National,E92000001,England,Revised,All state-funded,Ethnicity,Any other Asian background,2615,13724,727216.64,53,13259,96.6,8140,59.3,10274,74.9,7078,51.6,3915,28.5,4957,36.1,66319.28,4.83,z,z,z,z,z
202425,Academic year,National,E92000001,England,Revised,All state-funded,Ethnicity,Any other Black background,1761,5140,228372.75,44.4,4922,95.8,2055,40,3125,60.8,2244,43.7,819,15.9,1243,24.2,20269.29,3.94,z,z,z,z,z
202425,Academic year,National,E92000001,England,Revised,All state-funded,Ethnicity,Any other mixed / multiple ethnic background,3153,15671,772028.13,49.3,15059,96.1,7912,50.5,10764,68.7,7648,48.8,3858,24.6,5091,32.5,69836.58,4.46,z,z,z,z,z
202425,Academic year,National,E92000001,England,Revised,All state-funded,Ethnicity,Any other White background,3529,44027,2188189.01,49.7,42812,97.2,21880,49.7,30149,68.5,24686,56.1,11929,27.1,16229,36.9,202980.93,4.61,z,z,z,z,z
202425,Academic year,National,E92000001,England,Revised,All state-funded,Ethnicity,Bangladeshi,1559,11039,571176.13,51.7,10742,97.3,6131,55.5,8171,74,6120,55.4,2809,25.4,3880,35.1,51495.38,4.66,z,z,z,z,z
202425,Academic year,National,E92000001,England,Revised,All state-funded,Ethnicity,Caribbean,1564,6727,263382.75,39.2,6502,96.7,1889,28.1,3396,50.5,2578,38.3,625,9.3,1078,16,22739.29,3.38,z,z,z,z,z
202425,Academic year,National,E92000001,England,Revised,All state-funded,Ethnicity,Chinese,1705,4637,306655.63,66.1,4545,98,3647,78.6,4107,88.6,3225,69.5,2359,50.9,2720,58.7,29328.05,6.32,z,z,z,z,z
202425,Academic year,National,E92000001,England,Revised,All state-funded,Ethnicity,English / Welsh / Scottish / Northern Irish / British,4035,385002,17079643.4,44.4,367907,95.6,165560,43,242925,63.1,135028,35.1,61029,15.9,85769,22.3,1493477.88,3.88,z,z,z,z,z
202425,Academic year,National,E92000001,England,Revised,All state-funded,Ethnicity,Gypsy,654,1474,29291.75,19.9,1269,86.1,113,7.7,259,17.6,210,14.2,39,2.6,63,4.3,2380.97,1.62,z,z,z,z,z
202425,Academic year,National,E92000001,England,Revised,All state-funded,Ethnicity,Indian,2535,22144,1302474.41,58.8,21825,98.6,15072,68.1,18247,82.4,12903,58.3,7955,35.9,9738,44,119597.37,5.4,z,z,z,z,z
202425,Academic year,National,E92000001,England,Revised,All state-funded,Ethnicity,Irish,937,1563,79251.5,50.7,1489,95.3,866,55.4,1128,72.2,725,46.4,412,26.4,539,34.5,7102.63,4.54,z,z,z,z,z
202425,Academic year,National,E92000001,England,Revised,All state-funded,Ethnicity,Irish Traveller,157,194,5621.25,29,165,85.1,37,19.1,66,34,33,17,12,6.2,20,10.3,475.59,2.45,z,z,z,z,z
202425,Academic year,National,E92000001,England,Revised,All state-funded,Ethnicity,Pakistani,2102,29317,1364646.63,46.5,28468,97.1,13215,45.1,19102,65.2,13806,47.1,5194,17.7,7501,25.6,121418.63,4.14,z,z,z,z,z
202425,Academic year,National,E92000001,England,Revised,All state-funded,Ethnicity,Unknown,2584,13513,552980.63,40.9,12386,91.7,5186,38.4,7582,56.1,4771,35.3,2093,15.5,2908,21.5,49053.04,3.63,z,z,z,z,z
202425,Academic year,National,E92000001,England,Revised,All state-funded,Ethnicity,White and Asian,2837,9508,497540.15,52.3,9215,96.9,5439,57.2,6996,73.6,4683,49.3,2665,28,3401,35.8,45053.5,4.74,z,z,z,z,z
202425,Academic year,National,E92000001,England,Revised,All state-funded,Ethnicity,White and Black African,2377,5814,269720.88,46.4,5607,96.4,2588,44.5,3783,65.1,2570,44.2,1101,18.9,1581,27.2,24039.26,4.13,z,z,z,z,z
202425,Academic year,National,E92000001,England,Revised,All state-funded,Ethnicity,White and Black Caribbean,2661,9430,364333.38,38.6,8911,94.5,2905,30.8,4835,51.3,2922,31,969,10.3,1472,15.6,31289.09,3.32,z,z,z,z,z
202425,Academic year,National,E92000001,England,Revised,All state-funded,FSM status,FSM eligible,4085,163747,5738542.64,35,150430,91.9,42359,25.9,72007,44,47553,29,14125,8.6,22387,13.7,496186.55,3.03,z,z,z,z,z
202425,Academic year,National,E92000001,England,Revised,All state-funded,FSM status,Not known to be FSM eligible,4092,461901,23072538.66,50,449748,97.4,241908,52.4,333642,72.2,205917,44.6,102791,22.3,138882,30.1,2059696.89,4.46,z,z,z,z,z
202425,Academic year,National,E92000001,England,Revised,All state-funded,SEN provision,All SEN provision,4097,116591,3288171.63,28.2,97194,83.4,21095,18.1,36836,31.6,19031,16.3,5435,4.7,8267,7.1,275614.9,2.36,z,z,z,z,z
202425,Academic year,National,E92000001,England,Revised,All state-funded,SEN provision,"Education, health and care plan",3944,34297,508005.5,14.8,18419,53.7,2594,7.6,4846,14.1,1735,5.1,494,1.4,767,2.2,40980.29,1.19,z,z,z,z,z
202425,Academic year,National,E92000001,England,Revised,All state-funded,SEN provision,SEN support / SEN without an EHC plan,3297,82294,2780166.13,33.8,78775,95.7,18501,22.5,31990,38.9,17296,21,4941,6,7500,9.1,234634.61,2.85,z,z,z,z,z
202425,Academic year,National,E92000001,England,Revised,All state-funded,SEN provision,No SEN provision,3289,507595,25502584.92,50.2,502039,98.9,263024,51.8,368514,72.6,234431,46.2,111478,22,152996,30.1,2278615.95,4.49,z,z,z,z,z
202425,Academic year,National,E92000001,England,Revised,All state-funded,SEN primary need,Autistic spectrum disorder,3561,20657,611548.25,29.6,15347,74.3,5046,24.4,7753,37.5,3555,17.2,1502,7.3,2093,10.1,52421.91,2.54,z,z,z,z,z
202425,Academic year,National,E92000001,England,Revised,All state-funded,SEN primary need,Down Syndrome,25,30,40,1.3,1,3.3,0,0,0,0,0,0,0,0,0,0,2.82,0.09,z,z,z,z,z
202425,Academic year,National,E92000001,England,Revised,All state-funded,SEN primary need,Hearing impairment,1335,2060,81311.75,39.5,1888,91.7,697,33.8,1063,51.6,634,30.8,253,12.3,367,17.8,7057.51,3.43,z,z,z,z,z
202425,Academic year,National,E92000001,England,Revised,All state-funded,SEN primary need,Moderate learning difficulty,2946,16614,369306.5,22.2,13962,84,1141,6.9,2695,16.2,2048,12.3,171,1,377,2.3,29818.09,1.79,z,z,z,z,z
202425,Academic year,National,E92000001,England,Revised,All state-funded,SEN primary need,Multi-sensory impairment,236,338,12365.5,36.6,304,89.9,98,29,157,46.4,75,22.2,31,9.2,47,13.9,1060.95,3.14,z,z,z,z,z
202425,Academic year,National,E92000001,England,Revised,All state-funded,SEN primary need,No primary need,3301,509021,25522216.42,50.1,502954,98.8,263169,51.7,368804,72.5,234438,46.1,111481,21.9,153002,30.1,2280212.37,4.48,z,z,z,z,z
202425,Academic year,National,E92000001,England,Revised,All state-funded,SEN primary need,Other difficulty or disability,1617,4739,156086,32.9,4282,90.4,1127,23.8,1825,38.5,1000,21.1,327,6.9,473,10,13243.99,2.79,z,z,z,z,z
202425,Academic year,National,E92000001,England,Revised,All state-funded,SEN primary need,Physical disability,1753,3072,101682.13,33.1,2564,83.5,767,25,1282,41.7,711,23.1,255,8.3,377,12.3,8734.34,2.84,z,z,z,z,z
202425,Academic year,National,E92000001,England,Revised,All state-funded,SEN primary need,Profound and multiple learning difficulty,294,630,1719,2.7,65,10.3,4,0.6,14,2.2,6,1,2,0.3,2,0.3,136.05,0.22,z,z,z,z,z
202425,Academic year,National,E92000001,England,Revised,All state-funded,SEN primary need,SEN support but no specialist assessment of type of need,830,2197,68670.75,31.3,2122,96.6,354,16.1,678,30.9,448,20.4,88,4,145,6.6,5741.35,2.61,z,z,z,z,z
202425,Academic year,National,E92000001,England,Revised,All state-funded,SEN primary need,Severe learning difficulty,656,2521,4592,1.8,215,8.5,20,0.8,30,1.2,14,0.6,3,0.1,3,0.1,352.3,0.14,z,z,z,z,z
202425,Academic year,National,E92000001,England,Revised,All state-funded,SEN primary need,"Social, emotional and mental health",3607,30657,817019.5,26.7,26212,85.5,5147,16.8,9409,30.7,4420,14.4,1244,4.1,1932,6.3,68109.39,2.22,z,z,z,z,z
202425,Academic year,National,E92000001,England,Revised,All state-funded,SEN primary need,Specific learning difficulty,3122,19518,674430.5,34.6,18596,95.3,4341,22.2,7762,39.8,3482,17.8,890,4.6,1411,7.2,55973.32,2.87,z,z,z,z,z
202425,Academic year,National,E92000001,England,Revised,All state-funded,SEN primary need,"Speech, language and communication needs",3081,12290,338929.5,27.6,10470,85.2,1911,15.5,3515,28.6,2284,18.6,515,4.2,830,6.8,28588.34,2.33,z,z,z,z,z
202425,Academic year,National,E92000001,England,Revised,All state-funded,SEN primary need,Unknown,1,31,565,18.2,26,83.9,1,3.2,4,12.9,1,3.2,0,0,0,0,43.32,1.4,z,z,z,z,z
202425,Academic year,National,E92000001,England,Revised,All state-funded,SEN primary need,Vision impairment,967,1273,50598.5,39.7,1170,91.9,444,34.9,658,51.7,354,27.8,154,12.1,210,16.5,4387.39,3.45,z,z,z,z,z
202425,Academic year,National,E92000001,England,Revised,All state-funded,Disadvantage status,Disadvantaged,4090,176226,6154651.78,34.9,161358,91.6,45472,25.8,77243,43.8,51045,29,15210,8.6,24079,13.7,532241.49,3.02,z,z,z,z,z
202425,Academic year,National,E92000001,England,Revised,All state-funded,Disadvantage status,Not known to be disadvantaged,4083,449422,22656429.52,50.4,438820,97.6,238795,53.1,328406,73.1,202425,45,101706,22.6,137190,30.5,2023641.95,4.5,z,z,z,z,z
202425,Academic year,National,E92000001,England,Revised,All state-funded,First language,Known or believed to be English,4089,499609,22762111.36,45.6,478733,95.8,224347,44.9,322832,64.6,188567,37.7,87705,17.6,121173,24.3,2002225.1,4.01,z,z,z,z,z
202425,Academic year,National,E92000001,England,Revised,All state-funded,First language,Known or believed to be other than English,3716,121389,5891671.69,48.5,117518,96.8,58526,48.2,80678,66.5,63630,52.4,28689,23.6,39367,32.4,539810.29,4.45,z,z,z,z,z
202324,Academic year,National,E92000001,England,Final,All state-funded,Total,Total,4085,629207,28896739.68,45.9,604513,96.1,288824,45.9,408948,65,254345,40.4,113076,18,158829,25.2,2563118.14,4.07,586425,-17138.621,-0.03,-0.03,-0.03
202324,Academic year,National,E92000001,England,Final,All state-funded,Sex,Boys,3870,321951,14074750.81,43.7,306574,95.2,140435,43.6,201116,62.5,117625,36.5,47645,14.8,68465,21.3,1254530.68,3.9,299169,-43887.9,-0.15,-0.15,-0.14
202324,Academic year,National,E92000001,England,Final,All state-funded,Sex,Girls,3830,307256,14821988.87,48.2,297939,97,148389,48.3,207832,67.6,136720,44.5,65431,21.3,90364,29.4,1308587.46,4.26,287256,26749.279,0.09,0.09,0.1
202324,Academic year,National,E92000001,England,Final,All state-funded,Ethnicity,African,2825,29471,1428037.89,48.5,28635,97.2,14869,50.5,20626,70,14109,47.9,5536,18.8,8155,27.7,127940.29,4.34,23297,9290.528,0.4,0.38,0.42
202324,Academic year,National,E92000001,England,Final,All state-funded,Ethnicity,All Asian / Asian British,3312,78997,4182730.4,52.9,77007,97.5,46638,59,59284,75,42342,53.6,21387,27.1,28073,35.5,380015.26,4.81,68150,34781.968,0.51,0.5,0.52
202324,Academic year,National,E92000001,England,Final,All state-funded,Ethnicity,All Black / African / Caribbean / Black British,3075,41517,1931451.02,46.5,40227,96.9,19201,46.2,27479,66.2,19031,45.8,6986,16.8,10498,25.3,172017.72,4.14,34232,8743.89,0.26,0.24,0.27
202324,Academic year,National,E92000001,England,Final,All state-funded,Ethnicity,All mixed / multiple ethnic groups,3677,39423,1842534.69,46.7,37784,95.8,18433,46.8,25713,65.2,17159,43.5,7956,20.2,10937,27.7,164568.73,4.17,36225,-568.745,-0.02,-0.03,0
202324,Academic year,National,E92000001,England,Final,All state-funded,Ethnicity,All other ethnic groups,2547,14224,665375.52,46.8,13513,95,6750,47.5,9170,64.5,7464,52.5,3222,22.7,4489,31.6,61455.78,4.32,10842,5754.727,0.53,0.5,0.56
202324,Academic year,National,E92000001,England,Final,All state-funded,Ethnicity,All White,4062,442310,19743462.05,44.6,424135,95.9,192653,43.6,279919,63.3,163695,37,71495,16.2,102013,23.1,1737797.17,3.93,426184,-63349.624,-0.15,-0.15,-0.14
202324,Academic year,National,E92000001,England,Final,All state-funded,Ethnicity,Any other Asian background,2536,13171,701060.67,53.2,12725,96.6,8073,61.3,10054,76.3,6746,51.2,3605,27.4,4703,35.7,63828.15,4.85,10697,6824.245,0.64,0.61,0.66
202324,Academic year,National,E92000001,England,Final,All state-funded,Ethnicity,Any other Black background,1712,5092,227663.25,44.7,4875,95.7,2133,41.9,3202,62.9,2231,43.8,767,15.1,1189,23.4,20222.99,3.97,4447,858.426,0.19,0.15,0.23
202324,Academic year,National,E92000001,England,Final,All state-funded,Ethnicity,Any other mixed / multiple ethnic background,3139,14772,717153.77,48.5,14216,96.2,7357,49.8,10020,67.8,7015,47.5,3363,22.8,4543,30.8,64715.03,4.38,13018,1543.725,0.12,0.09,0.14
202324,Academic year,National,E92000001,England,Final,All state-funded,Ethnicity,Any other White background,3479,41911,2057693.28,49.1,40685,97.1,20745,49.5,28534,68.1,22888,54.6,10787,25.7,14846,35.4,190634.49,4.55,35016,15808.654,0.45,0.44,0.47
202324,Academic year,National,E92000001,England,Final,All state-funded,Ethnicity,Bangladeshi,1553,10993,569223.75,51.8,10660,97,6358,57.8,8187,74.5,6103,55.5,2836,25.8,3858,35.1,51324.89,4.67,10295,4526.798,0.44,0.41,0.47
202324,Academic year,National,E92000001,England,Final,All state-funded,Ethnicity,Caribbean,1529,6954,275749.88,39.7,6717,96.6,2199,31.6,3651,52.5,2691,38.7,683,9.8,1154,16.6,23854.44,3.43,6488,-1405.064,-0.22,-0.25,-0.18
202324,Academic year,National,E92000001,England,Final,All state-funded,Ethnicity,Chinese,1630,4249,280183.26,65.9,4172,98.2,3302,77.7,3755,88.4,2858,67.3,2093,49.3,2425,57.1,26736.86,6.29,2389,2480.235,1.04,0.98,1.09
202324,Academic year,National,E92000001,England,Final,All state-funded,Ethnicity,English / Welsh / Scottish / Northern Irish / British,4036,397039,17566504.27,44.2,380394,95.8,170814,43,249875,62.9,139812,35.2,60252,15.2,86546,21.8,1536741.9,3.87,388189,-78021.444,-0.2,-0.21,-0.2
202324,Academic year,National,E92000001,England,Final,All state-funded,Ethnicity,Gypsy,692,1529,30527.25,20,1319,86.3,129,8.4,250,16.4,221,14.5,32,2.1,63,4.1,2512.92,1.64,1256,-1056.925,-0.84,-0.92,-0.76
202324,Academic year,National,E92000001,England,Final,All state-funded,Ethnicity,Indian,2441,21369,1263286.94,59.1,21035,98.4,15083,70.6,17908,83.8,12512,58.6,7589,35.5,9462,44.3,116042.29,5.43,18031,14892.866,0.83,0.81,0.85
202324,Academic year,National,E92000001,England,Final,All state-funded,Ethnicity,Irish,1005,1641,82852.5,50.5,1573,95.9,924,56.3,1193,72.7,737,44.9,411,25,538,32.8,7411.35,4.52,1546,88.148,0.06,-0.01,0.13
202324,Academic year,National,E92000001,England,Final,All state-funded,Ethnicity,Irish Traveller,175,190,5884.75,31,164,86.3,41,21.6,67,35.3,37,19.5,13,6.8,20,10.5,496.51,2.61,177,-168.057,-0.95,-1.16,-0.74
202324,Academic year,National,E92000001,England,Final,All state-funded,Ethnicity,Pakistani,2040,29215,1368975.78,46.9,28415,97.3,13822,47.3,19380,66.3,14123,48.3,5264,18,7625,26.1,122083.07,4.18,26738,6057.824,0.23,0.21,0.24
202324,Academic year,National,E92000001,England,Final,All state-funded,Ethnicity,Unknown,2504,12736,531186,41.7,11847,93,5149,40.4,7383,58,4654,36.5,2030,15.9,2819,22.1,47263.48,3.71,10792,-2500.837,-0.23,-0.26,-0.21
202324,Academic year,National,E92000001,England,Final,All state-funded,Ethnicity,White and Asian,2818,9222,483295.53,52.4,8953,97.1,5336,57.9,6864,74.4,4502,48.8,2527,27.4,3260,35.4,43715.3,4.74,8521,2057.832,0.24,0.21,0.27
202324,Academic year,National,E92000001,England,Final,All state-funded,Ethnicity,White and Black African,2373,5715,265596.26,46.5,5462,95.6,2624,45.9,3742,65.5,2528,44.2,1060,18.5,1556,27.2,23646.52,4.14,5272,223.974,0.04,0,0.08
202324,Academic year,National,E92000001,England,Final,All state-funded,Ethnicity,White and Black Caribbean,2650,9714,376489.13,38.8,9153,94.2,3116,32.1,5087,52.4,3114,32.1,1006,10.4,1578,16.2,32491.88,3.34,9414,-4394.276,-0.47,-0.5,-0.44
202324,Academic year,National,E92000001,England,Final,All state-funded,FSM status,FSM eligible,4048,152061,5259416.52,34.6,139578,91.8,39200,25.8,65900,43.3,43505,28.6,12056,7.9,19540,12.9,454844.65,2.99,141529,-80359.553,-0.57,-0.58,-0.56
202324,Academic year,National,E92000001,England,Final,All state-funded,FSM status,Not known to be FSM eligible,4075,477146,23637323.16,49.5,464935,97.4,249624,52.3,343048,71.9,210840,44.2,101020,21.2,139289,29.2,2108273.49,4.42,444896,63220.932,0.14,0.14,0.15
202324,Academic year,National,E92000001,England,Final,All state-funded,SEN provision,All SEN provision,4081,108590,3017689.28,27.8,90377,83.2,19010,17.5,33427,30.8,17169,15.8,4504,4.1,7186,6.6,252911.95,2.33,102792,-64734.92,-0.63,-0.64,-0.62
202324,Academic year,National,E92000001,England,Final,All state-funded,SEN provision,"Education, health and care plan",3848,30507,433107.75,14.2,15815,51.8,2139,7,3974,13,1456,4.8,412,1.4,633,2.1,34910.54,1.14,27417,-31009.61,-1.13,-1.15,-1.11
202324,Academic year,National,E92000001,England,Final,All state-funded,SEN provision,SEN support / SEN without an EHC plan,3292,78083,2584581.53,33.1,74562,95.5,16871,21.6,29453,37.7,15713,20.1,4092,5.2,6553,8.4,218001.41,2.79,75375,-33725.31,-0.45,-0.46,-0.44
202324,Academic year,National,E92000001,England,Final,All state-funded,SEN provision,No SEN provision,3278,519344,25861039.65,49.8,513229,98.8,269700,51.9,375261,72.3,237172,45.7,108571,20.9,151641,29.2,2308753.41,4.45,482731,49913.437,0.1,0.1,0.11
202324,Academic year,National,E92000001,England,Final,All state-funded,SEN primary need,Autistic spectrum disorder,3491,18501,544896.26,29.5,13727,74.2,4402,23.8,6838,37,3108,16.8,1205,6.5,1743,9.4,46643.62,2.52,17288,-11535.652,-0.67,-0.69,-0.65
202324,Academic year,National,E92000001,England,Final,All state-funded,SEN primary need,Hearing impairment,1338,2021,80171.25,39.7,1879,93,685,33.9,1059,52.4,585,28.9,247,12.2,363,18,6940.26,3.43,1942,-36.62,-0.02,-0.08,0.04
202324,Academic year,National,E92000001,England,Final,All state-funded,SEN primary need,Moderate learning difficulty,2956,16277,350360,21.5,13578,83.4,1021,6.3,2575,15.8,1955,12,158,1,352,2.2,28351.06,1.74,15360,-7577.296,-0.49,-0.52,-0.47
202324,Academic year,National,E92000001,England,Final,All state-funded,SEN primary need,Multi-sensory impairment,216,291,10413.88,35.8,254,87.3,90,30.9,142,48.8,57,19.6,21,7.2,29,10,890.8,3.06,280,-98.322,-0.35,-0.52,-0.19
202324,Academic year,National,E92000001,England,Final,All state-funded,SEN primary need,No primary need,3290,520589,25878569.15,49.7,514120,98.8,269810,51.8,375516,72.1,237173,45.6,108570,20.9,151640,29.1,2310162.86,4.44,483606,47660.907,0.1,0.09,0.1
202324,Academic year,National,E92000001,England,Final,All state-funded,SEN primary need,Other difficulty or disability,1601,4575,142804.26,31.2,4125,90.2,910,19.9,1622,35.5,856,18.7,252,5.5,385,8.4,12021.79,2.63,4311,-2182.295,-0.51,-0.55,-0.46
202324,Academic year,National,E92000001,England,Final,All state-funded,SEN primary need,Physical disability,1772,3028,101341.5,33.5,2548,84.1,792,26.2,1262,41.7,661,21.8,234,7.7,354,11.7,8683.18,2.87,2867,-1260.214,-0.44,-0.49,-0.39
202324,Academic year,National,E92000001,England,Final,All state-funded,SEN primary need,Profound and multiple learning difficulty,299,632,1342,2.1,50,7.9,8,1.3,11,1.7,4,0.6,1,0.2,1,0.2,108.02,0.17,584,-866.299,-1.48,-1.6,-1.37
202324,Academic year,National,E92000001,England,Final,All state-funded,SEN primary need,SEN support but no specialist assessment of type of need,778,2094,65859.25,31.5,2023,96.6,360,17.2,689,32.9,398,19,68,3.2,119,5.7,5506.97,2.63,1999,-742.959,-0.37,-0.43,-0.31
202324,Academic year,National,E92000001,England,Final,All state-funded,SEN primary need,Severe learning difficulty,679,2482,5632.75,2.3,234,9.4,15,0.6,38,1.5,18,0.7,4,0.2,4,0.2,438.11,0.18,2198,-3223.933,-1.47,-1.53,-1.41
202324,Academic year,National,E92000001,England,Final,All state-funded,SEN primary need,"Social, emotional and mental health",3552,27307,712567,26.1,23170,84.9,4504,16.5,7970,29.2,3899,14.3,1037,3.8,1661,6.1,59650.77,2.18,25988,-31136.521,-1.2,-1.22,-1.18
202324,Academic year,National,E92000001,England,Final,All state-funded,SEN primary need,Specific learning difficulty,3090,18855,646039.88,34.3,18021,95.6,4078,21.6,7452,39.5,3272,17.4,739,3.9,1282,6.8,53546.41,2.84,18125,-2041.606,-0.11,-0.13,-0.09
202324,Academic year,National,E92000001,England,Final,All state-funded,SEN primary need,"Speech, language and communications needs",2953,11283,307228.25,27.2,9622,85.3,1723,15.3,3109,27.6,1981,17.6,403,3.6,683,6.1,25871.51,2.29,10675,-3855.683,-0.36,-0.39,-0.33
202324,Academic year,National,E92000001,England,Final,All state-funded,SEN primary need,Visual impairment,951,1272,49514.25,38.9,1162,91.4,426,33.5,665,52.3,378,29.7,137,10.8,213,16.7,4302.78,3.38,1202,-242.128,-0.2,-0.28,-0.12
202324,Academic year,National,E92000001,England,Final,All state-funded,Disadvantage status,Disadvantaged,4063,166573,5755703.02,34.6,152503,91.6,43008,25.8,72252,43.4,47653,28.6,13265,8,21475,12.9,497801.01,2.99,154976,-87887.68,-0.57,-0.57,-0.56
202324,Academic year,National,E92000001,England,Final,All state-funded,Disadvantage status,Not known to be disadvantaged,4063,462634,23141036.66,50,452010,97.7,245816,53.1,336696,72.8,206692,44.7,99811,21.6,137354,29.7,2065317.13,4.46,431449,70749.059,0.16,0.16,0.17
202324,Academic year,National,E92000001,England,Final,All state-funded,First language,Known or believed to be English,4070,506261,22977417.39,45.4,486004,96,228297,45.1,326736,64.5,191268,37.8,85040,16.8,120094,23.7,2021438.12,3.99,488559,-62751.177,-0.13,-0.13,-0.12
202324,Academic year,National,E92000001,England,Final,All state-funded,First language,Known or believed to be other than English,3678,118426,5760408.54,48.6,114514,96.7,59078,49.9,79983,67.5,61788,52.2,27511,23.2,37983,32.1,527716.69,4.46,94292,48219.059,0.51,0.5,0.52
202223,Academic year,National,E92000001,England,Final,All state-funded,Total,Total,4047,606915,28087878.83,46.3,583529,96.1,274821,45.3,395095,65.1,238323,39.3,103072,17,146813,24.2,2460736.86,4.05,568530,-15004.135,-0.03,-0.03,-0.02
202223,Academic year,National,E92000001,England,Final,All state-funded,Sex,Boys,3833,310611,13679602.63,44,296234,95.4,134147,43.2,194740,62.7,108432,34.9,42792,13.8,62558,20.1,1202400.06,3.87,290165,-48548.134,-0.17,-0.17,-0.16
202223,Academic year,National,E92000001,England,Final,All state-funded,Sex,Girls,3794,296304,14408276.2,48.6,287295,97,140674,47.5,200355,67.6,129891,43.8,60280,20.3,84255,28.4,1258336.8,4.25,278365,33543.999,0.12,0.12,0.13
202223,Academic year,National,E92000001,England,Final,All state-funded,Ethnicity,African,2582,26334,1282017.75,48.7,25570,97.1,13207,50.2,18286,69.4,12986,49.3,4860,18.5,7224,27.4,113811.27,4.32,22340,8276.954,0.37,0.35,0.39
202223,Academic year,National,E92000001,England,Final,All state-funded,Ethnicity,All Asian / Asian British,3228,73359,3897219.26,53.1,71567,97.6,42855,58.4,54857,74.8,38772,52.9,19008,25.9,25231,34.4,350426.46,4.78,64446,34383.964,0.53,0.52,0.54
202223,Academic year,National,E92000001,England,Final,All state-funded,Ethnicity,All Black / African / Caribbean / Black British,2878,37983,1768576.63,46.6,36780,96.8,17251,45.4,24703,65,17777,46.8,6240,16.4,9438,24.8,155974.32,4.11,32970,7119.867,0.22,0.2,0.23
202223,Academic year,National,E92000001,England,Final,All state-funded,Ethnicity,All mixed / multiple ethnic groups,3591,36723,1716156.52,46.7,35266,96,16714,45.5,23833,64.9,15447,42.1,6779,18.5,9502,25.9,151306.27,4.12,33926,-1454.889,-0.04,-0.06,-0.03
202223,Academic year,National,E92000001,England,Final,All state-funded,Ethnicity,All other ethnic groups,2413,12989,610028,47,12320,94.8,6103,47,8344,64.2,6750,52,2812,21.6,4009,30.9,55738.53,4.29,9886,5265.455,0.53,0.5,0.56
202223,Academic year,National,E92000001,England,Final,All state-funded,Ethnicity,All White,4025,433874,19591179.28,45.2,416429,96,187138,43.1,276380,63.7,155250,35.8,66461,15.3,96121,22.2,1702843.89,3.92,417092,-57505.127,-0.14,-0.14,-0.13
202223,Academic year,National,E92000001,England,Final,All state-funded,Ethnicity,Any other Asian background,2398,12152,660131.02,54.3,11737,96.6,7595,62.5,9371,77.1,6451,53.1,3465,28.5,4484,36.9,59896.44,4.93,10276,7063.988,0.69,0.66,0.71
202223,Academic year,National,E92000001,England,Final,All state-funded,Ethnicity,Any other Black background,1650,4862,215277.25,44.3,4647,95.6,1929,39.7,2882,59.3,2136,43.9,751,15.4,1125,23.1,18933.67,3.89,4254,386.587,0.09,0.05,0.13
202223,Academic year,National,E92000001,England,Final,All state-funded,Ethnicity,Any other mixed / multiple ethnic background,3018,13580,663308.13,48.8,13070,96.2,6703,49.4,9260,68.2,6357,46.8,2960,21.8,4072,30,59280.45,4.37,12135,1323.837,0.11,0.08,0.13
202223,Academic year,National,E92000001,England,Final,All state-funded,Ethnicity,Any other White background,3460,38104,1843632.91,48.4,36860,96.7,18152,47.6,25331,66.5,19635,51.5,8958,23.5,12466,32.7,168592.95,4.42,31029,14294.577,0.46,0.44,0.48
202223,Academic year,National,E92000001,England,Final,All state-funded,Ethnicity,Bangladeshi,1503,10981,570311,51.9,10701,97.5,6272,57.1,8207,74.7,5956,54.2,2537,23.1,3557,32.4,50743.08,4.62,10198,5076.04,0.5,0.47,0.53
202223,Academic year,National,E92000001,England,Final,All state-funded,Ethnicity,Caribbean,1494,6787,271281.63,40,6563,96.7,2115,31.2,3535,52.1,2655,39.1,629,9.3,1089,16,23229.38,3.42,6376,-1543.674,-0.24,-0.28,-0.21
202223,Academic year,National,E92000001,England,Final,All state-funded,Ethnicity,Chinese,1495,3383,221738.26,65.5,3328,98.4,2650,78.3,2996,88.6,2171,64.2,1580,46.7,1838,54.3,20963.23,6.2,2133,2294.424,1.08,1.02,1.14
202223,Academic year,National,E92000001,England,Final,All state-funded,Ethnicity,English / Welsh / Scottish / Northern Irish / British,4000,392501,17629896.87,44.9,376648,96,167941,42.8,249584,63.6,134639,34.3,57063,14.5,83054,21.2,1524060.55,3.88,383221,-70720.173,-0.18,-0.19,-0.18
202223,Academic year,National,E92000001,England,Final,All state-funded,Ethnicity,Gypsy,675,1429,28938.5,20.3,1190,83.3,110,7.7,232,16.2,209,14.6,28,2,53,3.7,2321.21,1.62,1121,-1000.348,-0.89,-0.98,-0.81
202223,Academic year,National,E92000001,England,Final,All state-funded,Ethnicity,Indian,2255,19601,1164081.21,59.4,19290,98.4,13791,70.4,16358,83.5,11647,59.4,6951,35.5,8662,44.2,106388.43,5.43,16857,13835.262,0.82,0.8,0.84
202223,Academic year,National,E92000001,England,Final,All state-funded,Ethnicity,Irish,989,1651,83640.75,50.7,1580,95.7,902,54.6,1175,71.2,732,44.3,405,24.5,535,32.4,7443.04,4.51,1544,110.019,0.07,0,0.14
202223,Academic year,National,E92000001,England,Final,All state-funded,Ethnicity,Irish Traveller,168,189,5070.25,26.8,151,79.9,33,17.5,58,30.7,35,18.5,7,3.7,13,6.9,426.14,2.25,177,-189.202,-1.07,-1.28,-0.86
202223,Academic year,National,E92000001,England,Final,All state-funded,Ethnicity,Pakistani,1938,27242,1280957.77,47,26511,97.3,12547,46.1,17925,65.8,12547,46.1,4475,16.4,6690,24.6,112435.28,4.13,24982,6114.25,0.24,0.23,0.26
202223,Academic year,National,E92000001,England,Final,All state-funded,Ethnicity,Unknown,2458,11987,504719.14,42.1,11167,93.2,4760,39.7,6978,58.2,4327,36.1,1772,14.8,2512,21,44447.39,3.71,10210,-2813.405,-0.28,-0.3,-0.25
202223,Academic year,National,E92000001,England,Final,All state-funded,Ethnicity,White and Asian,2737,8787,454359.01,51.7,8527,97,4930,56.1,6503,74,4104,46.7,2110,24,2818,32.1,40531.21,4.61,8155,1470.169,0.18,0.15,0.21
202223,Academic year,National,E92000001,England,Final,All state-funded,Ethnicity,White and Black African,2200,5074,235511.5,46.4,4876,96.1,2247,44.3,3301,65.1,2180,43,878,17.3,1268,25,20768.16,4.09,4657,-89.94,-0.02,-0.06,0.02
202223,Academic year,National,E92000001,England,Final,All state-funded,Ethnicity,White and Black Caribbean,2562,9282,362977.88,39.1,8793,94.7,2834,30.5,4769,51.4,2806,30.2,831,9,1344,14.5,30726.45,3.31,8979,-4158.955,-0.46,-0.49,-0.43
202223,Academic year,National,E92000001,England,Final,All state-funded,FSM status,FSM eligible,4018,137204,4773036.4,34.8,125943,91.8,34107,24.9,58908,42.9,37556,27.4,9845,7.2,16132,11.8,405295.83,2.95,127714,-74201.498,-0.58,-0.59,-0.57
202223,Academic year,National,E92000001,England,Final,All state-funded,FSM status,Not known to be FSM eligible,4040,469711,23314842.43,49.6,457586,97.4,240714,51.2,336187,71.6,200767,42.7,93227,19.8,130681,27.8,2055441.03,4.38,440816,59197.363,0.13,0.13,0.14
202223,Academic year,National,E92000001,England,Final,All state-funded,SEN provision,All SEN provision,4035,100131,2810329.29,28.1,83382,83.3,16995,17,30474,30.4,15216,15.2,3970,4,6280,6.3,231807.16,2.32,94437,-58858.847,-0.62,-0.63,-0.61
202223,Academic year,National,E92000001,England,Final,All state-funded,SEN provision,"Education, health and care plan",3776,26998,377762.75,14,13623,50.5,1854,6.9,3515,13,1164,4.3,315,1.2,497,1.8,30001.09,1.11,24134,-27123.732,-1.12,-1.14,-1.11
202223,Academic year,National,E92000001,England,Final,All state-funded,SEN provision,SEN support / SEN without an EHC plan,3276,73133,2432566.54,33.3,69759,95.4,15141,20.7,26959,36.9,14052,19.2,3655,5,5783,7.9,201806.07,2.76,70303,-31735.115,-0.45,-0.46,-0.44
202223,Academic year,National,E92000001,England,Final,All state-funded,SEN provision,No SEN provision,3258,505532,25257399.54,50,499262,98.8,257667,51,364305,72.1,223089,44.1,99096,19.6,140522,27.8,2227288.96,4.41,473182,46054.284,0.1,0.09,0.1
202223,Academic year,National,E92000001,England,Final,All state-funded,SEN primary need,Autistic spectrum disorder,3310,15392,448289.01,29.1,11274,73.2,3545,23,5619,36.5,2394,15.6,900,5.8,1313,8.5,37972.62,2.47,14339,-9658.761,-0.67,-0.7,-0.65
202223,Academic year,National,E92000001,England,Final,All state-funded,SEN primary need,Hearing impairment,1278,1951,79689.75,40.8,1782,91.3,708,36.3,1036,53.1,595,30.5,253,13,365,18.7,6840.84,3.51,1851,105.394,0.06,-0.01,0.12
202223,Academic year,National,E92000001,England,Final,All state-funded,SEN primary need,Moderate learning difficulty,2925,16836,376359.75,22.4,14140,84,1065,6.3,2643,15.7,1837,10.9,163,1,323,1.9,29595.03,1.76,15919,-7812.771,-0.49,-0.51,-0.47
202223,Academic year,National,E92000001,England,Final,All state-funded,SEN primary need,Multi-sensory impairment,211,305,10975.13,36,265,86.9,89,29.2,146,47.9,57,18.7,25,8.2,39,12.8,931.03,3.05,294,-105.955,-0.36,-0.52,-0.2
202223,Academic year,National,E92000001,England,Final,All state-funded,SEN primary need,No primary need,3270,506786,25277618.54,49.9,500147,98.7,257827,50.9,364623,71.9,223108,44,99103,19.6,140534,27.7,2228936.7,4.4,474093,43856.025,0.09,0.09,0.1
202223,Academic year,National,E92000001,England,Final,All state-funded,SEN primary need,Other difficulty or disability,1664,4863,161136.51,33.1,4433,91.2,1079,22.2,1854,38.1,1029,21.2,293,6,440,9,13529.23,2.78,4572,-1980.702,-0.43,-0.47,-0.39
202223,Academic year,National,E92000001,England,Final,All state-funded,SEN primary need,Physical disability,1699,2826,96105,34,2354,83.3,737,26.1,1202,42.5,641,22.7,216,7.6,345,12.2,8137.63,2.88,2661,-1073.143,-0.4,-0.46,-0.35
202223,Academic year,National,E92000001,England,Final,All state-funded,SEN primary need,Profound and multiple learning difficulty,293,618,1196.5,1.9,40,6.5,5,0.8,9,1.5,1,0.2,0,0,0,0,93.82,0.15,549,-820.632,-1.49,-1.61,-1.38
202223,Academic year,National,E92000001,England,Final,All state-funded,SEN primary need,SEN support but no specialist assessment of type of need,733,1968,62376.25,31.7,1907,96.9,337,17.1,641,32.6,366,18.6,71,3.6,121,6.1,5120.41,2.6,1860,-638.426,-0.34,-0.41,-0.28
202223,Academic year,National,E92000001,England,Final,All state-funded,SEN primary need,Severe learning difficulty,654,2372,4441,1.9,201,8.5,16,0.7,29,1.2,16,0.7,1,0,2,0.1,344.25,0.15,2121,-3133.207,-1.48,-1.54,-1.42
202223,Academic year,National,E92000001,England,Final,All state-funded,SEN primary need,"Social, emotional and mental health",3481,24006,636088.64,26.5,20346,84.8,3847,16,7041,29.3,3422,14.3,903,3.8,1433,6,52511.82,2.19,22756,-27127.835,-1.19,-1.21,-1.17
202223,Academic year,National,E92000001,England,Final,All state-funded,SEN primary need,Specific learning difficulty,3050,17743,613226.75,34.6,16957,95.6,3743,21.1,6895,38.9,2943,16.6,733,4.1,1190,6.7,50195.67,2.83,16884,-2858.062,-0.17,-0.19,-0.15
202223,Academic year,National,E92000001,England,Final,All state-funded,SEN primary need,"Speech, language and communications needs",2865,10059,273221.25,27.2,8581,85.3,1441,14.3,2747,27.3,1602,15.9,291,2.9,524,5.2,22525.24,2.24,9506,-3604.656,-0.38,-0.41,-0.35
202223,Academic year,National,E92000001,England,Final,All state-funded,SEN primary need,Visual impairment,890,1190,47154.75,39.6,1102,92.6,382,32.1,610,51.3,312,26.2,120,10.1,184,15.5,4002.57,3.36,1125,-151.404,-0.13,-0.22,-0.05
202223,Academic year,National,E92000001,England,Final,All state-funded,Disadvantage status,Disadvantaged,4028,159363,5575894.78,35,146138,91.7,40153,25.2,69152,43.4,44189,27.7,11739,7.4,19176,12,473933.33,2.97,148768,-84568.232,-0.57,-0.58,-0.56
202223,Academic year,National,E92000001,England,Final,All state-funded,Disadvantage status,Not known to be disadvantaged,4030,447552,22511984.05,50.3,437391,97.7,234668,52.4,325943,72.8,194134,43.4,91333,20.4,127637,28.5,1986803.53,4.44,419762,69564.097,0.17,0.16,0.17
202223,Academic year,National,E92000001,England,Final,All state-funded,First language,Known or believed to be English,4033,494564,22685609.35,45.9,475414,96.1,220489,44.6,320844,64.9,181673,36.7,78898,16,113042,22.9,1972048.39,3.99,478155,-57446.75,-0.12,-0.12,-0.12
202223,Academic year,National,E92000001,England,Final,All state-funded,First language,Known or believed to be other than English,3631,108301,5257658.23,48.5,104556,96.5,52970,48.9,72218,66.7,55503,51.2,23722,21.9,33115,30.6,476103.92,4.4,87130,44845.294,0.51,0.51,0.52
202122,Academic year,National,E92000001,England,Final,All state-funded,Total,Total,4015,587660,28661352.56,48.8,566032,96.3,292573,49.8,404321,68.8,227595,38.7,119139,20.3,157319,26.8,2511594,4.27,553527,-16797.805,-0.03,-0.03,-0.03
202122,Academic year,National,E92000001,England,Final,All state-funded,Sex,Boys,3803,300517,13908919.1,46.3,287036,95.5,141367,47,198887,66.2,101817,33.9,49614,16.5,66410,22.1,1220272.23,4.06,282288,-58725.29,-0.21,-0.21,-0.2
202122,Academic year,National,E92000001,England,Final,All state-funded,Sex,Girls,3759,287143,14752433.46,51.4,278996,97.2,151206,52.7,205434,71.5,125778,43.8,69525,24.2,90909,31.7,1291321.77,4.5,271239,41927.485,0.15,0.15,0.16
202122,Academic year,National,E92000001,England,Final,All state-funded,Ethnicity,African,2446,24499,1247300.51,50.9,23774,97,13347,54.5,17955,73.3,12243,50,5633,23,7874,32.1,111318.27,4.54,21181,7413.566,0.35,0.33,0.37
202122,Academic year,National,E92000001,England,Final,All state-funded,Ethnicity,All Asian / Asian British,3141,69263,3810416.7,55,67536,97.5,43040,62.1,53709,77.5,35766,51.6,19961,28.8,25183,36.4,343336.38,4.96,61894,34275.162,0.55,0.54,0.56
202122,Academic year,National,E92000001,England,Final,All state-funded,Ethnicity,All Black / African / Caribbean / Black British,2778,36070,1753617.01,48.6,34878,96.7,17831,49.4,24858,68.9,16868,46.8,7336,20.3,10456,29,155318.13,4.31,31754,5669.62,0.18,0.16,0.19
202122,Academic year,National,E92000001,England,Final,All state-funded,Ethnicity,All mixed / multiple ethnic groups,3543,34068,1682253.77,49.4,32804,96.3,16985,49.9,23331,68.5,14328,42.1,7604,22.3,9919,29.1,148435.53,4.36,31608,-1334.681,-0.04,-0.06,-0.03
202122,Academic year,National,E92000001,England,Final,All state-funded,Ethnicity,All other ethnic groups,2307,11976,594352.38,49.6,11399,95.2,6237,52.1,8211,68.6,6167,51.5,3013,25.2,3958,33,54222.88,4.53,9207,4951.518,0.54,0.51,0.57
202122,Academic year,National,E92000001,England,Final,All state-funded,Ethnicity,All White,3985,425274,20350393.45,47.9,409302,96.2,203847,47.9,287688,67.6,150752,35.4,79406,18.7,105356,24.8,1768932.82,4.16,409540,-56599.261,-0.14,-0.14,-0.13
202122,Academic year,National,E92000001,England,Final,All state-funded,Ethnicity,Any other Asian background,2316,11278,642467.13,57,10904,96.7,7525,66.7,9102,80.7,6102,54.1,3722,33,4579,40.6,58468.12,5.18,9606,6748.757,0.7,0.67,0.73
202122,Academic year,National,E92000001,England,Final,All state-funded,Ethnicity,Any other Black background,1573,4508,211450.5,46.9,4331,96.1,2042,45.3,2960,65.7,1985,44,840,18.6,1227,27.2,18687.68,4.15,3942,435.355,0.11,0.07,0.15
202122,Academic year,National,E92000001,England,Final,All state-funded,Ethnicity,Any other mixed / multiple ethnic background,2934,12383,633983.38,51.2,11970,96.7,6561,53,8807,71.1,5797,46.8,3128,25.3,4041,32.6,56643.59,4.57,11103,1029.102,0.09,0.07,0.12
202122,Academic year,National,E92000001,England,Final,All state-funded,Ethnicity,Any other White background,3331,33986,1725269.15,50.8,32975,97,17715,52.1,23910,70.4,17435,51.3,8902,26.2,11679,34.4,156744.76,4.61,27636,13510.262,0.49,0.47,0.51
202122,Academic year,National,E92000001,England,Final,All state-funded,Ethnicity,Bangladeshi,1484,10690,581510,54.4,10423,97.5,6642,62.1,8370,78.3,5672,53.1,2891,27,3772,35.3,52028.03,4.87,9971,5456.386,0.55,0.52,0.57
202122,Academic year,National,E92000001,England,Final,All state-funded,Ethnicity,Caribbean,1504,7063,294866,41.7,6773,95.9,2442,34.6,3943,55.8,2640,37.4,863,12.2,1355,19.2,25312.18,3.58,6631,-2179.301,-0.33,-0.36,-0.29
202122,Academic year,National,E92000001,England,Final,All state-funded,Ethnicity,Chinese,1277,2435,161023.88,66.1,2375,97.5,1948,80,2160,88.7,1506,61.8,1131,46.4,1288,52.9,14996.76,6.16,1914,1895.816,0.99,0.93,1.05
202122,Academic year,National,E92000001,England,Final,All state-funded,Ethnicity,English / Welsh / Scottish / Northern Irish / British,3965,388058,18501453.42,47.7,373441,96.2,185007,47.7,262202,67.6,132385,34.1,70010,18,93042,24,1601523.24,4.13,379114,-68959.63,-0.18,-0.19,-0.18
202122,Academic year,National,E92000001,England,Final,All state-funded,Ethnicity,Gypsy,651,1432,30092.25,21,1176,82.1,122,8.5,267,18.6,188,13.1,30,2.1,56,3.9,2409.22,1.68,1117,-1113.499,-1,-1.08,-0.91
202122,Academic year,National,E92000001,England,Final,All state-funded,Ethnicity,Indian,2082,18221,1116805.41,61.3,17930,98.4,13297,73,15537,85.3,10709,58.8,6966,38.2,8335,45.7,102269.1,5.61,15888,13231.344,0.83,0.81,0.85
202122,Academic year,National,E92000001,England,Final,All state-funded,Ethnicity,Irish,959,1611,88117.63,54.7,1551,96.3,976,60.6,1244,77.2,722,44.8,455,28.2,568,35.3,7817.99,4.85,1510,130.896,0.09,0.02,0.16
202122,Academic year,National,E92000001,England,Final,All state-funded,Ethnicity,Irish Traveller,164,187,5461,29.2,159,85,27,14.4,65,34.8,22,11.8,9,4.8,11,5.9,437.61,2.34,163,-167.29,-1.03,-1.24,-0.81
202122,Academic year,National,E92000001,England,Final,All state-funded,Ethnicity,Pakistani,1902,26639,1308610.28,49.1,25904,97.2,13628,51.2,18540,69.6,11777,44.2,5251,19.7,7209,27.1,115574.37,4.34,24515,6942.859,0.28,0.27,0.3
202122,Academic year,National,E92000001,England,Final,All state-funded,Ethnicity,Unknown,2303,11009,470319.25,42.7,10113,91.9,4633,42.1,6524,59.3,3714,33.7,1819,16.5,2447,22.2,41348.26,3.76,9524,-3760.163,-0.39,-0.42,-0.37
202122,Academic year,National,E92000001,England,Final,All state-funded,Ethnicity,White and Asian,2664,8161,447008.51,54.8,7920,97,4964,60.8,6271,76.8,3846,47.1,2419,29.6,2948,36.1,39964.94,4.9,7595,1595.872,0.21,0.18,0.24
202122,Academic year,National,E92000001,England,Final,All state-funded,Ethnicity,White and Black African,2115,4629,226744.63,49,4475,96.7,2239,48.4,3214,69.4,1985,42.9,947,20.5,1330,28.7,19982.69,4.32,4248,59.509,0.01,-0.03,0.06
202122,Academic year,National,E92000001,England,Final,All state-funded,Ethnicity,White and Black Caribbean,2521,8895,374517.25,42.1,8439,94.9,3221,36.2,5039,56.6,2700,30.4,1110,12.5,1600,18,31844.31,3.58,8662,-4019.164,-0.46,-0.49,-0.43
202122,Academic year,National,E92000001,England,Final,All state-funded,FSM status,FSM eligible,3979,121847,4496825.77,36.9,111823,91.8,34637,28.4,57234,47,31862,26.1,10789,8.9,16395,13.5,381416.9,3.13,114213,-66901.988,-0.59,-0.59,-0.58
202122,Academic year,National,E92000001,England,Final,All state-funded,FSM status,Not known to be FSM eligible,4003,465813,24164526.79,51.9,454209,97.5,257936,55.4,347087,74.5,195733,42,108350,23.3,140924,30.3,2130177.1,4.57,439314,50104.183,0.11,0.11,0.12
202122,Academic year,National,E92000001,England,Final,All state-funded,SEN provision,All SEN provision,4001,92399,2715057.89,29.4,76874,83.2,16936,18.3,29781,32.2,13025,14.1,4244,4.6,6246,6.8,223713.47,2.42,87082,-60116.4,-0.69,-0.7,-0.68
202122,Academic year,National,E92000001,England,Final,All state-funded,SEN provision,"Education, health and care plan",3658,24853,355900.75,14.3,12291,49.5,1728,7,3356,13.5,1008,4.1,328,1.3,489,2,28371.69,1.14,22131,-29428.983,-1.33,-1.35,-1.31
202122,Academic year,National,E92000001,England,Final,All state-funded,SEN provision,SEN support / SEN without an EHC plan,3246,67546,2359157.14,34.9,64583,95.6,15208,22.5,26425,39.1,12017,17.8,3916,5.8,5757,8.5,195341.78,2.89,64951,-30687.417,-0.47,-0.48,-0.46
202122,Academic year,National,E92000001,England,Final,All state-funded,SEN provision,No SEN provision,3233,493881,25929006.92,52.5,488283,98.9,275503,55.8,374292,75.8,214544,43.4,114883,23.3,151058,30.6,2286394.09,4.63,465353,46288.489,0.1,0.1,0.1
202122,Academic year,National,E92000001,England,Final,All state-funded,SEN primary need,Autistic spectrum disorder,3163,13226,395248.25,29.9,9552,72.2,3205,24.2,4996,37.8,1912,14.5,887,6.7,1212,9.2,33446.63,2.53,12315,-9954.021,-0.81,-0.83,-0.78
202122,Academic year,National,E92000001,England,Final,All state-funded,SEN primary need,Hearing impairment,1229,1883,79292.75,42.1,1739,92.4,707,37.5,1075,57.1,516,27.4,255,13.5,345,18.3,6767.01,3.59,1798,-119.67,-0.07,-0.13,0
202122,Academic year,National,E92000001,England,Final,All state-funded,SEN primary need,Moderate learning difficulty,2918,16432,389365.63,23.7,13769,83.8,1169,7.1,2794,17,1584,9.6,183,1.1,356,2.2,30713.02,1.87,15474,-8832.244,-0.57,-0.59,-0.55
202122,Academic year,National,E92000001,England,Final,All state-funded,SEN primary need,Multi-sensory impairment,168,220,8014.5,36.4,187,85,61,27.7,96,43.6,47,21.4,17,7.7,26,11.8,666.55,3.03,207,-83.603,-0.4,-0.6,-0.21
202122,Academic year,National,E92000001,England,Final,All state-funded,SEN primary need,No primary need,3249,495264,25946224.67,52.4,489156,98.8,275638,55.7,374538,75.6,214571,43.3,114895,23.2,151073,30.5,2287875.21,4.62,466446,43299.322,0.09,0.09,0.1
202122,Academic year,National,E92000001,England,Final,All state-funded,SEN primary need,Other difficulty or disability,1614,4449,153720.75,34.6,4026,90.5,1048,23.6,1780,40,877,19.7,318,7.1,445,10,12866.42,2.89,4147,-1898.026,-0.46,-0.5,-0.41
202122,Academic year,National,E92000001,England,Final,All state-funded,SEN primary need,Physical disability,1620,2741,97799.25,35.7,2309,84.2,793,28.9,1249,45.6,588,21.5,260,9.5,363,13.2,8317.47,3.03,2561,-1213.034,-0.47,-0.53,-0.42
202122,Academic year,National,E92000001,England,Final,All state-funded,SEN primary need,Profound and multiple learning difficulty,286,608,1116.5,1.8,47,7.7,1,0.2,6,1,1,0.2,0,0,0,0,84.18,0.14,519,-901.668,-1.74,-1.86,-1.62
202122,Academic year,National,E92000001,England,Final,All state-funded,SEN primary need,SEN support but no specialist assessment of type of need,650,1666,56795.25,34.1,1606,96.4,322,19.3,624,37.5,284,17,71,4.3,114,6.8,4677.48,2.81,1586,-663.272,-0.42,-0.49,-0.35
202122,Academic year,National,E92000001,England,Final,All state-funded,SEN primary need,Severe learning difficulty,679,2334,5697.5,2.4,229,9.8,16,0.7,41,1.8,15,0.6,3,0.1,6,0.3,431.99,0.19,2070,-3486.385,-1.68,-1.74,-1.62
202122,Academic year,National,E92000001,England,Final,All state-funded,SEN primary need,"Social, emotional and mental health",3421,21593,599944.63,27.8,18319,84.8,3810,17.6,6789,31.4,2906,13.5,934,4.3,1384,6.4,49406.64,2.29,20486,-26252.961,-1.28,-1.3,-1.26
202122,Academic year,National,E92000001,England,Final,All state-funded,SEN primary need,Specific learning difficulty,2983,16886,617598.13,36.6,16172,95.8,3957,23.4,7082,41.9,2586,15.3,820,4.9,1240,7.3,50546.8,2.99,16141,-2671.186,-0.17,-0.19,-0.14
202122,Academic year,National,E92000001,England,Final,All state-funded,SEN primary need,"Speech, language and communications needs",2806,9221,261885.5,28.4,7885,85.5,1412,15.3,2621,28.4,1389,15.1,334,3.6,540,5.9,21607.91,2.34,8692,-3864.488,-0.44,-0.47,-0.41
202122,Academic year,National,E92000001,England,Final,All state-funded,SEN primary need,Visual impairment,841,1137,48649.25,42.8,1036,91.1,434,38.2,630,55.4,319,28.1,162,14.2,215,18.9,4186.69,3.68,1085,-156.569,-0.14,-0.23,-0.06
202122,Academic year,National,E92000001,England,Final,All state-funded,Disadvantage status,Disadvantaged,4002,154849,5824356.28,37.6,142655,92.1,45873,29.6,74980,48.4,41642,26.9,14369,9.3,21766,14.1,494700.35,3.19,146046,-79638.068,-0.55,-0.55,-0.54
202122,Academic year,National,E92000001,England,Final,All state-funded,Disadvantage status,Not known to be disadvantaged,3985,432811,22836996.28,52.8,423377,97.8,246700,57,329341,76.1,185953,43,104770,24.2,135553,31.3,2016893.65,4.66,407481,62840.263,0.15,0.15,0.16
202122,Academic year,National,E92000001,England,Final,All state-funded,First language,Known or believed to be English,4001,484125,23479269.53,48.5,466400,96.3,238175,49.2,332267,68.6,176093,36.4,94068,19.4,123966,25.6,2043286.92,4.22,469096,-58407.552,-0.12,-0.13,-0.12
202122,Academic year,National,E92000001,England,Final,All state-funded,First language,Known or believed to be other than English,3558,100174,5073576.03,50.6,96862,96.7,53352,53.3,70540,70.4,50752,50.7,24708,24.7,32879,32.8,458816.64,4.58,81706,44720.032,0.55,0.54,0.56
202021,Academic year,National,E92000001,England,Revised,All state-funded,Total,Total,3989,575863,29319309.77,50.9,559224,97.1,299114,51.9,415820,72.2,222817,38.7,124098,21.5,170004,29.5,2561311.64,4.45,z,z,z,z,z
202021,Academic year,National,E92000001,England,Revised,All state-funded,Sex,Boys,3774,293649,14119030.37,48.1,282785,96.3,141604,48.2,203092,69.2,98254,33.5,49851,17,71082,24.2,1231043.62,4.19,z,z,z,z,z
202021,Academic year,National,E92000001,England,Revised,All state-funded,Sex,Girls,3716,282214,15200279.4,53.9,276439,98,157510,55.8,212728,75.4,124563,44.1,74247,26.3,98922,35.1,1330268.02,4.71,z,z,z,z,z
202021,Academic year,National,E92000001,England,Revised,All state-funded,Ethnicity,African,2370,23240,1213953.14,52.2,22629,97.4,12458,53.6,17305,74.5,11344,48.8,5410,23.3,7924,34.1,108202.95,4.66,z,z,z,z,z
202021,Academic year,National,E92000001,England,Revised,All state-funded,Ethnicity,All Asian / Asian British,3098,65805,3698715.23,56.2,64372,97.8,40392,61.4,51483,78.2,33722,51.2,20199,30.7,26183,39.8,333074.96,5.06,z,z,z,z,z
202021,Academic year,National,E92000001,England,Revised,All state-funded,Ethnicity,All Black / African / Caribbean / Black British,2702,34911,1747066.52,50,33894,97.1,17061,48.9,24638,70.6,15940,45.7,7186,20.6,10775,30.9,154216.67,4.42,z,z,z,z,z
202021,Academic year,National,E92000001,England,Revised,All state-funded,Ethnicity,All mixed / multiple ethnic groups,3479,31772,1631140.68,51.3,30855,97.1,16377,51.5,22741,71.6,13296,41.8,7345,23.1,9979,31.4,143518.55,4.52,z,z,z,z,z
202021,Academic year,National,E92000001,England,Revised,All state-funded,Ethnicity,All other ethnic groups,2224,11265,582272.52,51.7,10855,96.4,5980,53.1,7979,70.8,5743,51,3010,26.7,4154,36.9,53008.98,4.71,z,z,z,z,z
202021,Academic year,National,E92000001,England,Revised,All state-funded,Ethnicity,All White,3959,421995,21203614.56,50.2,409750,97.1,214951,50.9,302629,71.7,150737,35.7,84555,20,116476,27.6,1837621.49,4.35,z,z,z,z,z
202021,Academic year,National,E92000001,England,Revised,All state-funded,Ethnicity,Any other Asian background,2219,10805,633411.01,58.6,10530,97.5,7245,67.1,8821,81.6,5712,52.9,3816,35.3,4753,44,57608.24,5.33,z,z,z,z,z
202021,Academic year,National,E92000001,England,Revised,All state-funded,Ethnicity,Any other Black background,1511,4529,218879.75,48.3,4375,96.6,2042,45.1,3035,67,1974,43.6,849,18.7,1300,28.7,19211.19,4.24,z,z,z,z,z
202021,Academic year,National,E92000001,England,Revised,All state-funded,Ethnicity,Any other mixed / multiple ethnic background,2855,11752,623113.78,53,11412,97.1,6370,54.2,8687,73.9,5408,46,3087,26.3,4103,34.9,55479.57,4.72,z,z,z,z,z
202021,Academic year,National,E92000001,England,Revised,All state-funded,Ethnicity,Any other White background,3258,32109,1673576.78,52.1,31215,97.2,16851,52.5,23024,71.7,15798,49.2,8659,27,11652,36.3,151548.54,4.72,z,z,z,z,z
202021,Academic year,National,E92000001,England,Revised,All state-funded,Ethnicity,Bangladeshi,1425,10247,570028.77,55.6,10025,97.8,6211,60.6,8125,79.3,5481,53.5,2959,28.9,4059,39.6,51031.36,4.98,z,z,z,z,z
202021,Academic year,National,E92000001,England,Revised,All state-funded,Ethnicity,Caribbean,1439,7142,314233.63,44,6890,96.5,2561,35.9,4298,60.2,2622,36.7,927,13,1551,21.7,26802.53,3.75,z,z,z,z,z
202021,Academic year,National,E92000001,England,Revised,All state-funded,Ethnicity,Chinese,1187,2101,145288.51,69.2,2073,98.7,1761,83.8,1954,93,1310,62.4,1085,51.6,1233,58.7,13533.37,6.44,z,z,z,z,z
202021,Academic year,National,E92000001,England,Revised,All state-funded,Ethnicity,English / Welsh / Scottish / Northern Irish / British,3939,386569,19396557.03,50.2,375477,97.1,196886,50.9,277869,71.9,133991,34.7,75347,19.5,104108,26.9,1674567.97,4.33,z,z,z,z,z
202021,Academic year,National,E92000001,England,Revised,All state-funded,Ethnicity,Gypsy,596,1425,32396,22.7,1242,87.2,130,9.1,298,20.9,149,10.5,18,1.3,43,3,2532.2,1.78,z,z,z,z,z
202021,Academic year,National,E92000001,England,Revised,All state-funded,Ethnicity,Indian,2055,16901,1048466.27,62,16634,98.4,12234,72.4,14442,85.5,9927,58.7,6966,41.2,8443,50,96150.31,5.69,z,z,z,z,z
202021,Academic year,National,E92000001,England,Revised,All state-funded,Ethnicity,Irish,967,1721,95827,55.7,1672,97.2,1048,60.9,1378,80.1,764,44.4,521,30.3,658,38.2,8532.94,4.96,z,z,z,z,z
202021,Academic year,National,E92000001,England,Revised,All state-funded,Ethnicity,Irish Traveller,152,171,5257.75,30.7,144,84.2,36,21.1,60,35.1,35,20.5,10,5.8,15,8.8,439.84,2.57,z,z,z,z,z
202021,Academic year,National,E92000001,England,Revised,All state-funded,Ethnicity,Pakistani,1820,25751,1301520.67,50.5,25110,97.5,12941,50.3,18141,70.4,11292,43.9,5373,20.9,7695,29.9,114751.68,4.46,z,z,z,z,z
202021,Academic year,National,E92000001,England,Revised,All state-funded,Ethnicity,Unknown,2209,10115,456500.26,45.1,9498,93.9,4353,43,6350,62.8,3379,33.4,1803,17.8,2437,24.1,39870.99,3.94,z,z,z,z,z
202021,Academic year,National,E92000001,England,Revised,All state-funded,Ethnicity,White and Asian,2541,7531,423474.39,56.2,7365,97.8,4674,62.1,5942,78.9,3540,47,2289,30.4,2911,38.7,37807.85,5.02,z,z,z,z,z
202021,Academic year,National,E92000001,England,Revised,All state-funded,Ethnicity,White and Black African,1935,4093,207109.25,50.6,3981,97.3,2047,50,2922,71.4,1709,41.8,865,21.1,1233,30.1,18218.54,4.45,z,z,z,z,z
202021,Academic year,National,E92000001,England,Revised,All state-funded,Ethnicity,White and Black Caribbean,2457,8396,377443.26,45,8097,96.4,3286,39.1,5190,61.8,2639,31.4,1104,13.1,1732,20.6,32012.59,3.81,z,z,z,z,z
202021,Academic year,National,E92000001,England,Revised,All state-funded,FSM status,FSM eligible,3949,107838,4216547.8,39.1,100614,93.3,32217,29.9,54843,50.9,27750,25.7,9993,9.3,16359,15.2,354955.35,3.29,z,z,z,z,z
202021,Academic year,National,E92000001,England,Revised,All state-funded,FSM status,Not known to be FSM eligible,3975,468025,25102761.97,53.6,458610,98,266897,57,360977,77.1,195067,41.7,114105,24.4,153645,32.8,2206356.29,4.71,z,z,z,z,z
202021,Academic year,National,E92000001,England,Revised,All state-funded,SEN provision,All SEN provision,3970,87210,2713944.79,31.1,74136,85,16001,18.3,30578,35.1,11912,13.7,3912,4.5,6338,7.3,220376.01,2.53,z,z,z,z,z
202021,Academic year,National,E92000001,England,Revised,All state-funded,SEN provision,"Education, health and care plan",3584,23284,366396.39,15.7,11863,50.9,1818,7.8,3688,15.8,904,3.9,333,1.4,505,2.2,28541.35,1.23,z,z,z,z,z
202021,Academic year,National,E92000001,England,Revised,All state-funded,SEN provision,SEN support / SEN without an EHC plan,3232,63926,2347548.4,36.7,62273,97.4,14183,22.2,26890,42.1,11008,17.2,3579,5.6,5833,9.1,191834.66,3,z,z,z,z,z
202021,Academic year,National,E92000001,England,Revised,All state-funded,SEN provision,No SEN provision,3213,487466,26584768.23,54.5,484208,99.3,282962,58,384932,79,210903,43.3,120186,24.7,163664,33.6,2339251.33,4.8,z,z,z,z,z
202021,Academic year,National,E92000001,England,Revised,All state-funded,SEN primary need,Autistic spectrum disorder,3071,11680,368527.13,31.6,8642,74,2915,25,4803,41.1,1609,13.8,748,6.4,1097,9.4,30714.3,2.63,z,z,z,z,z
202021,Academic year,National,E92000001,England,Revised,All state-funded,SEN primary need,Hearing impairment,1244,1883,82171.75,43.6,1754,93.1,709,37.7,1119,59.4,519,27.6,249,13.2,375,19.9,6944.04,3.69,z,z,z,z,z
202021,Academic year,National,E92000001,England,Revised,All state-funded,SEN primary need,Moderate learning difficulty,2892,16802,433996.5,25.8,14372,85.5,1236,7.4,3384,20.1,1615,9.6,199,1.2,457,2.7,33809.77,2.01,z,z,z,z,z
202021,Academic year,National,E92000001,England,Revised,All state-funded,SEN primary need,Multi-sensory impairment,131,176,6507.13,37,156,88.6,47,26.7,88,50,31,17.6,15,8.5,18,10.2,540.69,3.07,z,z,z,z,z
202021,Academic year,National,E92000001,England,Revised,All state-funded,SEN primary need,No primary need,3227,488653,26605364.98,54.4,485088,99.3,283113,57.9,385242,78.8,210905,43.2,120186,24.6,163666,33.5,2340935.63,4.79,z,z,z,z,z
202021,Academic year,National,E92000001,England,Revised,All state-funded,SEN primary need,Other difficulty or disability,1610,4405,161613.26,36.7,4094,92.9,1033,23.5,1897,43.1,841,19.1,297,6.7,475,10.8,13329.15,3.03,z,z,z,z,z
202021,Academic year,National,E92000001,England,Revised,All state-funded,SEN primary need,Physical disability,1590,2700,102379.63,37.9,2327,86.2,832,30.8,1321,48.9,581,21.5,277,10.3,394,14.6,8635.59,3.2,z,z,z,z,z
202021,Academic year,National,E92000001,England,Revised,All state-funded,SEN primary need,Profound and multiple learning difficulty,277,583,1440.5,2.5,44,7.5,9,1.5,14,2.4,3,0.5,2,0.3,2,0.3,111.83,0.19,z,z,z,z,z
202021,Academic year,National,E92000001,England,Revised,All state-funded,SEN primary need,SEN support but no specialist assessment of type of need,594,1696,59870,35.3,1657,97.7,295,17.4,657,38.7,252,14.9,58,3.4,110,6.5,4830.51,2.85,z,z,z,z,z
202021,Academic year,National,E92000001,England,Revised,All state-funded,SEN primary need,Severe learning difficulty,687,2430,7244.75,3,270,11.1,21,0.9,40,1.6,18,0.7,5,0.2,5,0.2,542.86,0.22,z,z,z,z,z
202021,Academic year,National,E92000001,England,Revised,All state-funded,SEN primary need,"Social, emotional and mental health",3300,18925,557511.13,29.5,16552,87.5,3323,17.6,6525,34.5,2432,12.9,760,4,1267,6.7,45091.67,2.38,z,z,z,z,z
202021,Academic year,National,E92000001,England,Revised,All state-funded,SEN primary need,Specific learning difficulty,2921,16243,626441.88,38.6,15776,97.1,3913,24.1,7479,46,2489,15.3,846,5.2,1391,8.6,50853.12,3.13,z,z,z,z,z
202021,Academic year,National,E92000001,England,Revised,All state-funded,SEN primary need,"Speech, language and communications needs",2673,8578,256530.13,29.9,7451,86.9,1231,14.4,2607,30.4,1210,14.1,284,3.3,520,6.1,20732.67,2.42,z,z,z,z,z
202021,Academic year,National,E92000001,England,Revised,All state-funded,SEN primary need,Visual impairment,837,1109,49711,44.8,1041,93.9,437,39.4,644,58.1,312,28.1,172,15.5,227,20.5,4239.81,3.82,z,z,z,z,z
202021,Academic year,National,E92000001,England,Revised,All state-funded,Disadvantage status,Disadvantaged,3974,151973,6118372.06,40.3,142713,93.9,48198,31.7,80762,53.1,40971,27,15320,10.1,24713,16.3,516769.07,3.4,z,z,z,z,z
202021,Academic year,National,E92000001,England,Revised,All state-funded,Disadvantage status,Not known to be disadvantaged,3957,423890,23200937.71,54.7,416511,98.3,250916,59.2,335058,79,181846,42.9,108778,25.7,145291,34.3,2044542.57,4.82,z,z,z,z,z
202021,Academic year,National,E92000001,England,Revised,All state-funded,First language,Known or believed to be English,3975,475601,24152471.55,50.8,462244,97.2,246822,51.9,344655,72.5,174476,36.7,98727,20.8,135114,28.4,2096011.02,4.41,z,z,z,z,z
202021,Academic year,National,E92000001,England,Revised,All state-funded,First language,Known or believed to be other than English,3503,97406,5070087.72,52.1,94508,97,51446,52.8,69824,71.7,47760,49,25101,25.8,34519,35.4,456993.15,4.69,z,z,z,z,z
201920,Academic year,National,E92000001,England,Revised,All state-funded,Total,Total,3987,561994,28195360.06,50.2,546183,97.2,280417,49.9,400345,71.2,223514,39.8,119466,21.3,167708,29.8,2463875.43,4.38,z,z,z,z,z
201920,Academic year,National,E92000001,England,Revised,All state-funded,Sex,Boys,3769,286588,13579883.66,47.4,276243,96.4,131494,45.9,193795,67.6,97667,34.1,47473,16.6,68988,24.1,1184012.54,4.13,z,z,z,z,z
201920,Academic year,National,E92000001,England,Revised,All state-funded,Sex,Girls,3710,275406,14615476.4,53.1,269940,98,148923,54.1,206550,75,125847,45.7,71993,26.1,98720,35.8,1279862.89,4.65,z,z,z,z,z
201920,Academic year,National,E92000001,England,Revised,All state-funded,Ethnicity,African,2231,21299,1084173.16,50.9,20759,97.5,10799,50.7,15435,72.5,10842,50.9,4854,22.8,7350,34.5,96779.11,4.54,z,z,z,z,z
201920,Academic year,National,E92000001,England,Revised,All state-funded,Ethnicity,All Asian / Asian British,3042,62982,3455489.29,54.9,61584,97.8,37108,58.9,48564,77.1,32927,52.3,18736,29.7,25068,39.8,310975.09,4.94,z,z,z,z,z
201920,Academic year,National,E92000001,England,Revised,All state-funded,Ethnicity,All Black / African / Caribbean / Black British,2575,32935,1610293.55,48.9,31978,97.1,15141,46,22569,68.5,15713,47.7,6622,20.1,10291,31.2,142257.35,4.32,z,z,z,z,z
201920,Academic year,National,E92000001,England,Revised,All state-funded,Ethnicity,All mixed / multiple ethnic groups,3405,29481,1498633.08,50.8,28688,97.3,14805,50.2,20906,70.9,13067,44.3,7013,23.8,9687,32.9,132208.31,4.48,z,z,z,z,z
201920,Academic year,National,E92000001,England,Revised,All state-funded,Ethnicity,All other ethnic groups,2168,10522,532519.71,50.6,10102,96,5312,50.5,7348,69.8,5373,51.1,2682,25.5,3809,36.2,48312.61,4.59,z,z,z,z,z
201920,Academic year,National,E92000001,England,Revised,All state-funded,Ethnicity,All White,3968,416504,20701968.79,49.7,405218,97.3,204392,49.1,295453,70.9,153484,36.9,82969,19.9,116765,28,1795697.18,4.31,z,z,z,z,z
201920,Academic year,National,E92000001,England,Revised,All state-funded,Ethnicity,Any other Asian background,2136,10247,587789.63,57.4,9980,97.4,6661,65,8298,81,5730,55.9,3594,35.1,4614,45,53647.83,5.24,z,z,z,z,z
201920,Academic year,National,E92000001,England,Revised,All state-funded,Ethnicity,Any other Black background,1431,4258,201725.51,47.4,4100,96.3,1775,41.7,2734,64.2,1991,46.8,814,19.1,1264,29.7,17792.47,4.18,z,z,z,z,z
201920,Academic year,National,E92000001,England,Revised,All state-funded,Ethnicity,Any other mixed / multiple ethnic background,2782,11093,577811.91,52.1,10790,97.3,5878,53,8090,72.9,5412,48.8,2840,25.6,3998,36,51555.25,4.65,z,z,z,z,z
201920,Academic year,National,E92000001,England,Revised,All state-funded,Ethnicity,Any other White background,3242,30321,1537255.62,50.7,29480,97.2,14762,48.7,20986,69.2,15142,49.9,7839,25.9,10824,35.7,139364.47,4.6,z,z,z,z,z
201920,Academic year,National,E92000001,England,Revised,All state-funded,Ethnicity,Bangladeshi,1456,10372,559229.13,53.9,10125,97.6,5939,57.3,8019,77.3,5479,52.8,2774,26.7,3967,38.2,49845.57,4.81,z,z,z,z,z
201920,Academic year,National,E92000001,England,Revised,All state-funded,Ethnicity,Caribbean,1423,7378,324394.88,44,7119,96.5,2567,34.8,4400,59.6,2880,39,954,12.9,1677,22.7,27685.77,3.75,z,z,z,z,z
201920,Academic year,National,E92000001,England,Revised,All state-funded,Ethnicity,Chinese,1121,1959,132440.54,67.6,1936,98.8,1560,79.6,1788,91.3,1258,64.2,981,50.1,1144,58.4,12359.76,6.31,z,z,z,z,z
201920,Academic year,National,E92000001,England,Revised,All state-funded,Ethnicity,English / Welsh / Scottish / Northern Irish / British,3944,383021,19036456.04,49.7,372801,97.3,188497,49.2,272832,71.2,137359,35.9,74579,19.5,105193,27.5,1645250.12,4.3,z,z,z,z,z
201920,Academic year,National,E92000001,England,Revised,All state-funded,Ethnicity,Gypsy,594,1354,31596,23.3,1181,87.2,109,8.1,273,20.2,148,10.9,19,1.4,48,3.5,2481.47,1.83,z,z,z,z,z
201920,Academic year,National,E92000001,England,Revised,All state-funded,Ethnicity,Indian,2004,16129,978702.05,60.7,15907,98.6,11353,70.4,13685,84.8,9685,60,6543,40.6,8136,50.4,89911.75,5.57,z,z,z,z,z
201920,Academic year,National,E92000001,England,Revised,All state-funded,Ethnicity,Irish,930,1648,91567.38,55.6,1615,98,992,60.2,1302,79,802,48.7,522,31.7,680,41.3,8172.81,4.96,z,z,z,z,z
201920,Academic year,National,E92000001,England,Revised,All state-funded,Ethnicity,Irish Traveller,145,160,5093.75,31.8,141,88.1,32,20,60,37.5,33,20.6,10,6.3,20,12.5,428.31,2.68,z,z,z,z,z
201920,Academic year,National,E92000001,England,Revised,All state-funded,Ethnicity,Pakistani,1804,24275,1197327.94,49.3,23636,97.4,11595,47.8,16774,69.1,10775,44.4,4844,20,7207,29.7,105210.18,4.33,z,z,z,z,z
201920,Academic year,National,E92000001,England,Revised,All state-funded,Ethnicity,Unknown,2053,9570,396455.64,41.4,8613,90,3659,38.2,5505,57.5,2950,30.8,1444,15.1,2088,21.8,34424.89,3.6,z,z,z,z,z
201920,Academic year,National,E92000001,England,Revised,All state-funded,Ethnicity,White and Asian,2391,6654,371685.9,55.9,6517,97.9,4049,60.9,5250,78.9,3268,49.1,2119,31.8,2643,39.7,33281.57,5,z,z,z,z,z
201920,Academic year,National,E92000001,England,Revised,All state-funded,Ethnicity,White and Black African,1806,3706,189239.88,51.1,3624,97.8,1863,50.3,2682,72.4,1777,47.9,906,24.4,1294,34.9,16817.59,4.54,z,z,z,z,z
201920,Academic year,National,E92000001,England,Revised,All state-funded,Ethnicity,White and Black Caribbean,2393,8028,359895.39,44.8,7757,96.6,3015,37.6,4884,60.8,2610,32.5,1148,14.3,1752,21.8,30553.9,3.81,z,z,z,z,z
201920,Academic year,National,E92000001,England,Revised,All state-funded,FSM status,FSM eligible,3930,88666,3420730.98,38.6,82774,93.4,24655,27.8,43634,49.2,22770,25.7,7918,8.9,13145,14.8,286882.3,3.24,z,z,z,z,z
201920,Academic year,National,E92000001,England,Revised,All state-funded,FSM status,Not known to be FSM eligible,3971,473328,24774629.08,52.3,463409,97.9,255762,54,356711,75.4,200744,42.4,111548,23.6,154563,32.7,2176993.13,4.6,z,z,z,z,z
201920,Academic year,National,E92000001,England,Revised,All state-funded,SEN provision,All SEN provision,3970,82093,2522971.67,30.7,69921,85.2,13761,16.8,27132,33.1,11331,13.8,3564,4.3,5937,7.2,204734.46,2.49,z,z,z,z,z
201920,Academic year,National,E92000001,England,Revised,All state-funded,SEN provision,"Education, health and care plan",3515,21842,331742.64,15.2,11090,50.8,1418,6.5,3082,14.1,882,4,308,1.4,488,2.2,25810.97,1.18,z,z,z,z,z
201920,Academic year,National,E92000001,England,Revised,All state-funded,SEN provision,SEN support / SEN without an EHC plan,3237,60251,2191229.03,36.4,58831,97.6,12343,20.5,24050,39.9,10449,17.3,3256,5.4,5449,9,178923.49,2.97,z,z,z,z,z
201920,Academic year,National,E92000001,England,Revised,All state-funded,SEN provision,No SEN provision,3211,477952,25644501,53.7,475017,99.4,266475,55.8,372818,78,212174,44.4,115902,24.2,161770,33.8,2256958.64,4.72,z,z,z,z,z
201920,Academic year,National,E92000001,England,Revised,All state-funded,SEN primary need,Autistic spectrum disorder,2981,10751,330166.76,30.7,7966,74.1,2447,22.8,4146,38.6,1477,13.7,636,5.9,970,9,27490.75,2.56,z,z,z,z,z
201920,Academic year,National,E92000001,England,Revised,All state-funded,SEN primary need,Hearing impairment,1172,1787,77879.88,43.6,1663,93.1,627,35.1,1036,58,491,27.5,234,13.1,351,19.6,6564.34,3.67,z,z,z,z,z
201920,Academic year,National,E92000001,England,Revised,All state-funded,SEN primary need,Moderate learning difficulty,2877,16097,407265,25.3,13710,85.2,1001,6.2,2838,17.6,1459,9.1,199,1.2,442,2.7,31635.41,1.97,z,z,z,z,z
201920,Academic year,National,E92000001,England,Revised,All state-funded,SEN primary need,Multi-sensory impairment,132,175,6290,35.9,147,84,46,26.3,73,41.7,35,20,17,9.7,22,12.6,526.88,3.01,z,z,z,z,z
201920,Academic year,National,E92000001,England,Revised,All state-funded,SEN primary need,No primary need,3225,479901,25672388.39,53.5,476262,99.2,266656,55.6,373213,77.8,212183,44.2,115902,24.2,161771,33.7,2259140.97,4.71,z,z,z,z,z
201920,Academic year,National,E92000001,England,Revised,All state-funded,SEN primary need,Other difficulty or disability,1480,4160,152521.75,36.7,3893,93.6,958,23,1734,41.7,789,19,296,7.1,450,10.8,12629.3,3.04,z,z,z,z,z
201920,Academic year,National,E92000001,England,Revised,All state-funded,SEN primary need,Physical disability,1560,2635,94678,35.9,2225,84.4,726,27.6,1224,46.5,544,20.6,239,9.1,355,13.5,7924.29,3.01,z,z,z,z,z
201920,Academic year,National,E92000001,England,Revised,All state-funded,SEN primary need,Profound and multiple learning difficulty,293,597,1118.25,1.9,35,5.9,3,0.5,9,1.5,2,0.3,0,0,0,0,79.15,0.13,z,z,z,z,z
201920,Academic year,National,E92000001,England,Revised,All state-funded,SEN primary need,SEN support but no specialist assessment of type of need,514,1500,53120.25,35.4,1470,98,258,17.2,548,36.5,274,18.3,71,4.7,135,9,4347.45,2.9,z,z,z,z,z
201920,Academic year,National,E92000001,England,Revised,All state-funded,SEN primary need,Severe learning difficulty,673,2226,7586.5,3.4,271,12.2,21,0.9,46,2.1,14,0.6,5,0.2,6,0.3,549.52,0.25,z,z,z,z,z
201920,Academic year,National,E92000001,England,Revised,All state-funded,SEN primary need,"Social, emotional and mental health",3219,17044,499431.27,29.3,14934,87.6,2825,16.6,5707,33.5,2239,13.1,682,4,1172,6.9,40373.69,2.37,z,z,z,z,z
201920,Academic year,National,E92000001,England,Revised,All state-funded,SEN primary need,Specific learning difficulty,2890,16085,609495.63,37.9,15642,97.2,3444,21.4,6953,43.2,2531,15.7,783,4.9,1335,8.3,49504.82,3.08,z,z,z,z,z
201920,Academic year,National,E92000001,England,Revised,All state-funded,SEN primary need,"Speech, language and communications needs",2621,8001,238567.88,29.8,7008,87.6,1014,12.7,2207,27.6,1187,14.8,275,3.4,512,6.4,19295.51,2.41,z,z,z,z,z
201920,Academic year,National,E92000001,England,Revised,All state-funded,SEN primary need,Visual impairment,797,1035,44850.5,43.3,957,92.5,391,37.8,611,59,289,27.9,127,12.3,187,18.1,3813.35,3.68,z,z,z,z,z
201920,Academic year,National,E92000001,England,Revised,All state-funded,Disadvantage status,Disadvantaged,3965,146214,5877032.17,40.2,137997,94.4,44441,30.4,76691,52.5,40584,27.8,14655,10,24120,16.5,495447.52,3.39,z,z,z,z,z
201920,Academic year,National,E92000001,England,Revised,All state-funded,Disadvantage status,Not known to be disadvantaged,3955,415780,22318327.89,53.7,408186,98.2,235976,56.8,323654,77.8,182930,44,104811,25.2,143588,34.5,1968427.91,4.73,z,z,z,z,z
201920,Academic year,National,E92000001,England,Revised,All state-funded,First language,Known or believed to be English,3974,464649,23317435.3,50.2,452426,97.4,232660,50.1,333315,71.7,175949,37.9,95835,20.6,134330,28.9,2025180.53,4.36,z,z,z,z,z
201920,Academic year,National,E92000001,England,Revised,All state-funded,First language,Known or believed to be other than English,3466,94286,4798796.74,50.9,91449,97,47106,50,65941,69.9,47106,50,23433,24.9,33093,35.1,432002.38,4.58,z,z,z,z,z
201819,Academic year,National,E92000001,England,Final,All state-funded,Total,Total,3965,542621,25335160.83,46.7,526115,97,234611,43.2,350763,64.6,216986,40,92849,17.1,135342,24.9,2210757.15,4.07,512929,-13849.834,-0.03,-0.03,-0.02
201819,Academic year,National,E92000001,England,Final,All state-funded,Sex,Boys,3740,276670,12179297.18,44,265963,96.1,110605,40,168736,61,94882,34.3,36432,13.2,54447,19.7,1061690.84,3.84,261017,-70528.982,-0.27,-0.28,-0.27
201819,Academic year,National,E92000001,England,Final,All state-funded,Sex,Girls,3683,265951,13155863.65,49.5,260152,97.8,124006,46.6,182027,68.4,122104,45.9,56417,21.2,80895,30.4,1149066.31,4.32,251912,56679.148,0.22,0.22,0.23
201819,Academic year,National,E92000001,England,Final,All state-funded,Ethnicity,African,2156,19807,937951.8,47.4,19240,97.1,8493,42.9,12759,64.4,9994,50.5,3505,17.7,5474,27.6,83320.36,4.21,16861,5509.325,0.33,0.31,0.35
201819,Academic year,National,E92000001,England,Final,All state-funded,Ethnicity,All Asian / Asian British,3014,60117,3105258.34,51.7,58800,97.8,31694,52.7,42773,71.1,30648,51,14807,24.6,20149,33.5,277612.17,4.62,54463,25998.799,0.48,0.47,0.49
201819,Academic year,National,E92000001,England,Final,All state-funded,Ethnicity,All Black / African / Caribbean / Black British,2533,31175,1399805.44,44.9,30204,96.9,11781,37.8,18485,59.3,14506,46.5,4748,15.2,7502,24.1,122858.05,3.94,27191,3566.734,0.13,0.12,0.15
201819,Academic year,National,E92000001,England,Final,All state-funded,Ethnicity,All mixed / multiple ethnic groups,3332,27018,1286459.64,47.6,26227,97.1,11844,43.8,17515,64.8,11959,44.3,5340,19.8,7541,27.9,113269.73,4.19,25175,-96.077,0,-0.02,0.01
201819,Academic year,National,E92000001,England,Final,All state-funded,Ethnicity,All other ethnic groups,2059,9607,454466.2,47.3,9206,95.8,4171,43.4,6116,63.7,4913,51.1,2049,21.3,2960,30.8,41302.78,4.3,7442,3745.596,0.5,0.47,0.53
201819,Academic year,National,E92000001,England,Final,All state-funded,Ethnicity,All White,3924,406707,18766488.45,46.1,394354,97,172315,42.4,261513,64.3,152318,37.5,64803,15.9,95598,23.5,1627645.04,4,391727,-44459.974,-0.11,-0.12,-0.11
201819,Academic year,National,E92000001,England,Final,All state-funded,Ethnicity,Any other Asian background,2103,9303,506991.17,54.5,9048,97.3,5592,60.1,7080,76.1,5220,56.1,2841,30.5,3743,40.2,46195.27,4.97,7949,5254.945,0.66,0.63,0.69
201819,Academic year,National,E92000001,England,Final,All state-funded,Ethnicity,Any other Black background,1344,3875,166456.89,43,3706,95.6,1304,33.7,2109,54.4,1710,44.1,548,14.1,841,21.7,14550.75,3.76,3184,240.082,0.08,0.03,0.12
201819,Academic year,National,E92000001,England,Final,All state-funded,Ethnicity,Any other mixed / multiple ethnic background,2693,10108,497581.32,49.2,9818,97.1,4754,47,6834,67.6,4923,48.7,2240,22.2,3124,30.9,44349.17,4.39,9151,1275.485,0.14,0.11,0.17
201819,Academic year,National,E92000001,England,Final,All state-funded,Ethnicity,Any other White background,3145,28214,1320103.52,46.8,27357,97,11702,41.5,17451,61.9,13972,49.5,5765,20.4,8402,29.8,119875.97,4.25,20803,9378.681,0.45,0.43,0.47
201819,Academic year,National,E92000001,England,Final,All state-funded,Ethnicity,Bangladeshi,1392,9877,499808.76,50.6,9658,97.8,4965,50.3,6945,70.3,4850,49.1,2050,20.8,2964,30,43999.38,4.45,9289,4406.61,0.47,0.45,0.5
201819,Academic year,National,E92000001,England,Final,All state-funded,Ethnicity,Caribbean,1438,7493,295396.75,39.4,7258,96.9,1984,26.5,3617,48.3,2802,37.4,695,9.3,1187,15.8,24986.94,3.33,7146,-2182.673,-0.31,-0.34,-0.28
201819,Academic year,National,E92000001,England,Final,All state-funded,Ethnicity,Chinese,1135,2006,129011.96,64.3,1972,98.3,1531,76.3,1791,89.3,1235,61.6,901,44.9,1058,52.7,12013.36,5.99,1697,1460.028,0.86,0.8,0.92
201819,Academic year,National,E92000001,England,Final,All state-funded,Ethnicity,English / Welsh / Scottish / Northern Irish / British,3891,375411,17330714.68,46.2,364218,97,159590,42.5,242596,64.6,137394,36.6,58591,15.6,86589,23.1,1497798.77,3.99,368326,-53172.357,-0.14,-0.15,-0.14
201819,Academic year,National,E92000001,England,Final,All state-funded,Ethnicity,Gypsy,531,1243,23708.25,19.1,1013,81.5,75,6,170,13.7,138,11.1,11,0.9,27,2.2,1831.14,1.47,896,-727.347,-0.81,-0.9,-0.73
201819,Academic year,National,E92000001,England,Final,All state-funded,Ethnicity,Indian,1935,15429,884580.25,57.3,15206,98.6,9894,64.1,12347,80,9106,59,5281,34.2,6746,43.7,80780.69,5.24,13508,9559.201,0.71,0.69,0.73
201819,Academic year,National,E92000001,England,Final,All state-funded,Ethnicity,Irish,922,1688,87940.25,52.1,1648,97.6,927,54.9,1254,74.3,791,46.9,430,25.5,572,33.9,7816.68,4.63,1561,209.319,0.13,0.07,0.2
201819,Academic year,National,E92000001,England,Final,All state-funded,Ethnicity,Irish Traveller,131,151,4021.75,26.6,118,78.1,21,13.9,42,27.8,23,15.2,6,4,8,5.3,322.48,2.14,141,-148.27,-1.05,-1.26,-0.84
201819,Academic year,National,E92000001,England,Final,All state-funded,Ethnicity,Pakistani,1729,23502,1084866.2,46.2,22916,97.5,9712,41.3,14610,62.2,10237,43.6,3734,15.9,5638,24,94623.47,4.03,22020,5318.015,0.24,0.22,0.26
201819,Academic year,National,E92000001,England,Final,All state-funded,Ethnicity,Unknown,1943,7997,322682.76,40.4,7324,91.6,2806,35.1,4361,54.5,2642,33,1102,13.8,1592,19.9,28069.38,3.51,6931,-2604.912,-0.38,-0.41,-0.35
201819,Academic year,National,E92000001,England,Final,All state-funded,Ethnicity,White and Asian,2259,6144,326733.28,53.2,6033,98.2,3409,55.5,4567,74.3,3109,50.6,1709,27.8,2245,36.5,29284.47,4.77,5734,1268.191,0.22,0.19,0.25
201819,Academic year,National,E92000001,England,Final,All state-funded,Ethnicity,White and Black African,1685,3262,154626.28,47.4,3171,97.2,1353,41.5,2083,63.9,1485,45.5,606,18.6,911,27.9,13677.88,4.19,2968,121.968,0.04,-0.01,0.09
201819,Academic year,National,E92000001,England,Final,All state-funded,Ethnicity,White and Black Caribbean,2325,7504,307518.76,41,7205,96,2328,31,4031,53.7,2442,32.5,785,10.5,1261,16.8,25958.21,3.46,7322,-2761.721,-0.38,-0.41,-0.35
201819,Academic year,National,E92000001,England,Final,All state-funded,FSM status,FSM eligible,3903,76237,2660716.34,34.9,70163,92,17126,22.5,31537,41.4,19126,25.1,4880,6.4,8439,11.1,222028.77,2.91,72758,-38562.226,-0.53,-0.54,-0.52
201819,Academic year,National,E92000001,England,Final,All state-funded,FSM status,Not known to be FSM eligible,3955,466384,22674444.49,48.6,455952,97.8,217485,46.6,319226,68.4,197860,42.4,87969,18.9,126903,27.2,1988728.38,4.26,440171,24712.392,0.06,0.05,0.06
201819,Academic year,National,E92000001,England,Final,All state-funded,SEN provision,All SEN provision,3938,76961,2120658.69,27.6,64743,84.1,10634,13.8,20550,26.7,10404,13.5,2566,3.3,4204,5.5,172187.83,2.24,73943,-46085.41,-0.62,-0.63,-0.61
201819,Academic year,National,E92000001,England,Final,All state-funded,SEN provision,"Education, health and care plan",3413,20373,278220.38,13.7,10123,49.7,1127,5.5,2262,11.1,816,4,227,1.1,377,1.9,21865.96,1.07,19349,-22707.594,-1.17,-1.19,-1.16
201819,Academic year,National,E92000001,England,Final,All state-funded,SEN provision,SEN support / SEN without an EHC plan,3219,56588,1842438.31,32.6,54620,96.5,9507,16.8,18288,32.3,9588,16.9,2339,4.1,3827,6.8,150321.87,2.66,54594,-23377.816,-0.43,-0.44,-0.42
201819,Academic year,National,E92000001,England,Final,All state-funded,SEN provision,No SEN provision,3199,464515,23195517.39,49.9,460562,99.1,223881,48.2,329966,71,206561,44.5,90274,19.4,131127,28.2,2037107.78,4.39,438095,34057.3,0.08,0.07,0.08
201819,Academic year,National,E92000001,England,Final,All state-funded,SEN primary need,Autistic spectrum disorder,2822,9533,270060.39,28.3,6890,72.3,1943,20.4,3190,33.5,1353,14.2,510,5.3,786,8.2,22711.33,2.38,9156,-6902.839,-0.75,-0.78,-0.73
201819,Academic year,National,E92000001,England,Final,All state-funded,SEN primary need,Hearing impairment,1126,1715,66145.5,38.6,1576,91.9,502,29.3,827,48.2,479,27.9,174,10.1,265,15.5,5597.04,3.26,1655,-259.518,-0.16,-0.22,-0.1
201819,Academic year,National,E92000001,England,Final,All state-funded,SEN primary need,Moderate learning difficulty,2782,16124,356223.52,22.1,13549,84,768,4.8,2097,13,1531,9.5,128,0.8,257,1.6,27547.84,1.71,15536,-8887.31,-0.57,-0.59,-0.55
201819,Academic year,National,E92000001,England,Final,All state-funded,SEN primary need,Multi-sensory impairment,94,126,4660.75,37,107,84.9,39,31,56,44.4,31,24.6,14,11.1,19,15.1,399.51,3.17,121,-28.664,-0.24,-0.47,-0.01
201819,Academic year,National,E92000001,England,Final,All state-funded,SEN primary need,No primary need,3210,465660,23214491.14,49.9,461372,99.1,223977,48.1,330213,70.9,206582,44.4,90283,19.4,131138,28.2,2038568.65,4.38,438984,32236.853,0.07,0.07,0.08
201819,Academic year,National,E92000001,England,Final,All state-funded,SEN primary need,Other difficulty or disability,1478,4226,139702,33.1,3988,94.4,806,19.1,1474,34.9,810,19.2,211,5,341,8.1,11559.89,2.74,4023,-1629.255,-0.4,-0.44,-0.37
201819,Academic year,National,E92000001,England,Final,All state-funded,SEN primary need,Physical disability,1433,2313,76776.88,33.2,1923,83.1,563,24.3,929,40.2,471,20.4,170,7.3,266,11.5,6460.9,2.79,2211,-1055.183,-0.48,-0.53,-0.42
201819,Academic year,National,E92000001,England,Final,All state-funded,SEN primary need,Profound and multiple learning difficulty,262,541,920.75,1.7,35,6.5,4,0.7,6,1.1,3,0.6,0,0,1,0.2,68.49,0.13,507,-729.396,-1.44,-1.55,-1.33
201819,Academic year,National,E92000001,England,Final,All state-funded,SEN primary need,SEN support but no specialist assessment of type of need,468,1496,48704,32.6,1467,98.1,215,14.4,468,31.3,268,17.9,34,2.3,87,5.8,3971.35,2.65,1421,-509.862,-0.36,-0.43,-0.29
201819,Academic year,National,E92000001,England,Final,All state-funded,SEN primary need,Severe learning difficulty,646,2095,5308.5,2.5,236,11.3,8,0.4,20,1,9,0.4,2,0.1,4,0.2,377.67,0.18,1954,-2750.126,-1.41,-1.46,-1.35
201819,Academic year,National,E92000001,England,Final,All state-funded,SEN primary need,"Social, emotional and mental health",3059,15092,395808.88,26.2,12845,85.1,1966,13,3993,26.5,1974,13.1,473,3.1,789,5.2,32085.93,2.13,14577,-17325.458,-1.19,-1.21,-1.17
201819,Academic year,National,E92000001,England,Final,All state-funded,SEN primary need,Specific learning difficulty,2823,15435,530493.27,34.4,14917,96.6,2797,18.1,5496,35.6,2258,14.6,600,3.9,943,6.1,43050.05,2.79,14844,-2700.832,-0.18,-0.2,-0.16
201819,Academic year,National,E92000001,England,Final,All state-funded,SEN primary need,"Speech, language and communications needs",2481,7255,187076.5,25.8,6274,86.5,714,9.8,1502,20.7,938,12.9,148,2,291,4,15056.25,2.08,6962,-3043.709,-0.44,-0.47,-0.41
201819,Academic year,National,E92000001,England,Final,All state-funded,SEN primary need,Visual impairment,767,1010,38788.75,38.4,936,92.7,309,30.6,492,48.7,279,27.6,102,10.1,155,15.3,3302.25,3.27,978,-264.535,-0.27,-0.35,-0.19
201819,Academic year,National,E92000001,England,Final,All state-funded,Disadvantage status,Disadvantaged,3938,143816,5275978.96,36.7,134678,93.6,35549,24.7,64337,44.7,39527,27.5,10601,7.4,18141,12.6,442988.81,3.08,138026,-61453.244,-0.45,-0.45,-0.44
201819,Academic year,National,E92000001,England,Final,All state-funded,Disadvantage status,Not known to be disadvantaged,3929,398805,20059181.87,50.3,391437,98.2,199062,49.9,286426,71.8,177459,44.5,82248,20.6,117201,29.4,1767768.34,4.43,374903,47603.41,0.13,0.12,0.13
201819,Academic year,National,E92000001,England,Final,All state-funded,First language,Known or believed to be English,3945,450090,20973257.42,46.6,436849,97.1,194556,43.2,292453,65,171884,38.2,74434,16.5,108673,24.1,1819411.26,4.04,438261,-46755.097,-0.11,-0.11,-0.1
201819,Academic year,National,E92000001,England,Final,All state-funded,First language,Known or believed to be other than English,3411,90069,4284341.03,47.6,87215,96.8,39439,43.8,57260,63.6,44539,49.4,18194,20.2,26344,29.2,384720.4,4.27,72683,34719.481,0.48,0.47,0.49
